Intercept_ID,Collar_Record_ID,Hole_ID,Project_ID,From_m,To_m,Interval_m_Reported,Au_g_t,Hole_Type,Easting_m,Northing_m,RL_m,Total_Depth_m,Dip_deg,Azimuth_deg,Result_Status,Calculated_Interval_m,Interval_Diff,Quality_Status
I0001,C0001,UR20DD248,P01,108.00,112.00,4.00,1.100,DD,272730.00,2462966.00,896.00,200.00,-60.00,270.00,"Reported Intercepts",4.00,0.00,Match
I0002,C0001,UR20DD248,P01,117.00,121.00,4.00,0.700,DD,272730.00,2462966.00,896.00,200.00,-60.00,270.00,"Reported Intercepts",4.00,0.00,Match
I0003,C0001,UR20DD248,P01,146.18,153.00,6.80,1.300,DD,272730.00,2462966.00,896.00,200.00,-60.00,270.00,"Reported Intercepts",6.82,-0.02,Review
I0004,C0002,UR20DD249,P01,146.00,151.00,5.00,2.200,DD,272780.00,2462963.00,896.00,260.00,-61.00,278.00,"Reported Intercepts",5.00,0.00,Match
I0005,C0002,UR20DD249,P01,194.00,209.50,15.50,1.400,DD,272780.00,2462963.00,896.00,260.00,-61.00,278.00,"Reported Intercepts",15.50,0.00,Match
I0006,C0003,UR20DD250,P01,224.00,234.00,10.00,2.900,DD,272824.00,2462966.00,895.00,284.00,-62.00,269.00,"Reported Intercepts",10.00,0.00,Match
I0007,C0003,UR20DD250,P01,242.20,252.00,9.80,1.700,DD,272824.00,2462966.00,895.00,284.00,-62.00,269.00,"Reported Intercepts",9.80,0.00,Match
I0008,C0004,UR20DD251,P01,279.60,304.00,24.40,2.200,DD,272870.00,2462966.00,895.00,347.00,-62.00,271.00,"Reported Intercepts",24.40,0.00,Match
I0009,C0005,UR20DD252,P01,99.00,108.50,9.50,1.600,DD,272687.00,2462965.00,896.00,138.00,-61.00,272.00,"Reported Intercepts",9.50,0.00,Match
I0010,C0006,UR20DD253,P01,11.00,18.00,7.00,2.100,DD,272639.00,2462965.00,896.00,93.00,-61.00,268.00,"Reported Intercepts",7.00,0.00,Match
I0011,C0006,UR20DD253,P01,49.50,54.20,4.70,5.500,DD,272639.00,2462965.00,896.00,93.00,-61.00,268.00,"Reported Intercepts",4.70,0.00,Match
I0012,C0007,UR20DD254,P01,7.70,16.60,8.90,1.000,DD,272659.00,2462670.00,896.00,81.00,-61.00,271.00,"Reported Intercepts",8.90,0.00,Match
I0013,C0008,UR20DD255,P01,86.10,93.00,6.90,1.200,DD,272708.00,2462670.00,895.00,150.00,-63.00,267.00,"Reported Intercepts",6.90,0.00,Match
I0014,C0009,UR20DD256,P01,139.60,151.60,12.00,2.000,DD,272756.00,2462671.00,895.00,189.00,-62.00,268.00,"Reported Intercepts",12.00,0.00,Match
I0015,C0010,UR20DD257,P01,187.10,201.00,14.00,2.000,DD,272805.00,2462670.00,895.00,228.00,-62.00,269.00,"Reported Intercepts",13.90,0.10,Review
I0016,C0011,UR20DD258A,P01,152.30,158.00,5.70,0.800,DD,272844.00,2462671.00,895.00,258.00,-61.00,267.00,"Reported Intercepts",5.70,0.00,Match
I0017,C0011,UR20DD258A,P01,216.00,222.10,6.10,0.600,DD,272844.00,2462671.00,895.00,258.00,-61.00,267.00,"Reported Intercepts",6.10,0.00,Match
I0018,C0011,UR20DD258A,P01,232.00,241.00,9.00,2.200,DD,272844.00,2462671.00,895.00,258.00,-61.00,267.00,"Reported Intercepts",9.00,0.00,Match
I0019,C0012,UR20DD259,P01,29.00,44.00,15.00,1.500,DD,272620.00,2462911.00,896.00,70.00,-60.00,271.00,"Reported Intercepts",15.00,0.00,Match
I0020,C0013,UR20DD260,P01,60.00,66.00,6.00,3.500,DD,272678.00,2462911.00,896.00,172.00,-62.00,269.00,"Reported Intercepts",6.00,0.00,Match
I0021,C0013,UR20DD260,P01,90.00,99.90,9.90,2.200,DD,272678.00,2462911.00,896.00,172.00,-62.00,269.00,"Reported Intercepts",9.90,0.00,Match
I0022,C0013,UR20DD260,P01,102.00,106.20,4.20,1.300,DD,272678.00,2462911.00,896.00,172.00,-62.00,269.00,"Reported Intercepts",4.20,0.00,Match
I0023,C0014,UR20DD261,P01,99.00,105.00,6.00,3.100,DD,272727.00,2462911.00,896.00,199.00,-62.00,271.00,"Reported Intercepts",6.00,0.00,Match
I0024,C0014,UR20DD261,P01,114.00,120.40,6.40,1.200,DD,272727.00,2462911.00,896.00,199.00,-62.00,271.00,"Reported Intercepts",6.40,0.00,Match
I0025,C0014,UR20DD261,P01,144.00,162.00,18.00,1.400,DD,272727.00,2462911.00,896.00,199.00,-62.00,271.00,"Reported Intercepts",18.00,0.00,Match
I0026,C0015,UR20DD262,P01,137.80,142.00,4.20,2.100,DD,272778.00,2462911.00,896.00,250.00,-62.00,272.00,"Reported Intercepts",4.20,0.00,Match
I0027,C0015,UR20DD262,P01,169.00,180.00,11.00,0.800,DD,272778.00,2462911.00,896.00,250.00,-62.00,272.00,"Reported Intercepts",11.00,0.00,Match
I0028,C0015,UR20DD262,P01,183.00,217.20,34.20,1.500,DD,272778.00,2462911.00,896.00,250.00,-62.00,272.00,"Reported Intercepts",34.20,0.00,Match
I0029,C0016,UR20DD263,P01,217.00,220.40,3.40,0.700,DD,272834.00,2462912.00,896.00,302.00,-62.00,269.00,"Reported Intercepts",3.40,0.00,Match
I0030,C0016,UR20DD263,P01,227.00,263.00,36.00,2.700,DD,272834.00,2462912.00,896.00,302.00,-62.00,269.00,"Reported Intercepts",36.00,0.00,Match
I0031,C0016,UR20DD263,P01,265.90,270.10,4.30,5.500,DD,272834.00,2462912.00,896.00,302.00,-62.00,269.00,"Reported Intercepts",4.20,0.10,Review
I0032,C0017,UR20DD264,P01,259.90,286.30,26.40,1.600,DD,272872.00,2462913.00,895.00,337.00,-63.00,266.00,"Reported Intercepts",26.40,0.00,Match
I0033,C0018,UR20DD265,P01,16.70,21.20,4.50,1.600,DD,272625.00,2462864.00,896.00,66.00,-60.00,270.00,"Reported Intercepts",4.50,0.00,Match
I0034,C0019,UR20DD266,P01,69.30,77.40,8.20,2.400,DD,272688.00,2462866.00,896.00,141.00,-63.00,273.00,"Reported Intercepts",8.10,0.10,Review
I0035,C0020,UR20DD267,P01,96.80,109.90,13.10,2.100,DD,272727.00,2462866.00,896.00,199.00,-61.00,274.00,"Reported Intercepts",13.10,0.00,Match
I0036,C0020,UR20DD267,P01,131.00,134.00,3.00,1.000,DD,272727.00,2462866.00,896.00,199.00,-61.00,274.00,"Reported Intercepts",3.00,0.00,Match
I0037,C0020,UR20DD267,P01,140.00,155.10,15.10,2.000,DD,272727.00,2462866.00,896.00,199.00,-61.00,274.00,"Reported Intercepts",15.10,0.00,Match
I0038,C0021,UR20DD268,P01,168.00,171.00,3.00,0.800,DD,272778.00,2462865.00,896.00,264.00,-61.00,268.00,"Reported Intercepts",3.00,0.00,Match
I0039,C0021,UR20DD268,P01,205.00,210.60,5.60,1.000,DD,272778.00,2462865.00,896.00,264.00,-61.00,268.00,"Reported Intercepts",5.60,0.00,Match
I0040,C0022,UR20DD269,P01,269.00,275.00,6.00,3.500,DD,272883.00,2462866.00,894.00,336.00,-60.00,269.00,"Reported Intercepts",6.00,0.00,Match
I0041,C0022,UR20DD269,P01,282.00,285.00,3.00,2.600,DD,272883.00,2462866.00,894.00,336.00,-60.00,269.00,"Reported Intercepts",3.00,0.00,Match
I0042,C0023,UR20DD270,P01,15.00,18.80,3.80,1.100,DD,272637.00,2462810.00,896.00,86.00,-61.00,271.00,"Reported Intercepts",3.80,0.00,Match
I0043,C0023,UR20DD270,P01,23.00,29.00,6.00,5.700,DD,272637.00,2462810.00,896.00,86.00,-61.00,271.00,"Reported Intercepts",6.00,0.00,Match
I0044,C0024,UR20DD271,P01,90.50,102.70,12.20,4.000,DD,272690.00,2462811.00,896.00,137.00,-62.00,269.00,"Reported Intercepts",12.20,0.00,Match
I0045,C0025,UR20DD272,P01,106.40,115.00,8.60,3.100,DD,272734.00,2462813.00,896.00,209.00,-62.00,269.00,"Reported Intercepts",8.60,0.00,Match
I0046,C0025,UR20DD272,P01,146.70,158.30,11.60,1.100,DD,272734.00,2462813.00,896.00,209.00,-62.00,269.00,"Reported Intercepts",11.60,0.00,Match
I0047,C0026,UR20DD273,P01,177.80,186.00,8.20,0.900,DD,272798.00,2462813.00,896.00,248.00,-63.00,271.00,"Reported Intercepts",8.20,0.00,Match
I0048,C0026,UR20DD273,P01,193.20,197.30,4.10,1.600,DD,272798.00,2462813.00,896.00,248.00,-63.00,271.00,"Reported Intercepts",4.10,0.00,Match
I0049,C0026,UR20DD273,P01,206.00,216.00,10.00,2.800,DD,272798.00,2462813.00,896.00,248.00,-63.00,271.00,"Reported Intercepts",10.00,0.00,Match
I0050,C0027,UR20DD274,P01,216.30,225.00,8.70,1.000,DD,272837.00,2462811.00,895.00,284.00,-61.00,270.00,"Reported Intercepts",8.70,0.00,Match
I0051,C0027,UR20DD274,P01,226.00,236.00,10.00,1.700,DD,272837.00,2462811.00,895.00,284.00,-61.00,270.00,"Reported Intercepts",10.00,0.00,Match
I0052,C0028,UR20DD275,P01,292.00,310.00,18.00,3.100,DD,272903.00,2462812.00,895.00,351.00,-63.00,268.00,"Reported Intercepts",18.00,0.00,Match
I0053,C0028,UR20DD275,P01,312.00,320.00,8.00,1.200,DD,272903.00,2462812.00,895.00,351.00,-63.00,268.00,"Reported Intercepts",8.00,0.00,Match
I0054,C0029,UR20DD276,P01,309.90,313.00,3.10,2.300,DD,272910.00,2462913.00,894.00,382.00,-63.00,265.00,"Reported Intercepts",3.10,0.00,Match
I0055,C0029,UR20DD276,P01,320.00,338.00,18.00,3.300,DD,272910.00,2462913.00,894.00,382.00,-63.00,265.00,"Reported Intercepts",18.00,0.00,Match
I0056,C0029,UR20DD276,P01,340.50,348.10,7.60,1.700,DD,272910.00,2462913.00,894.00,382.00,-63.00,265.00,"Reported Intercepts",7.60,0.00,Match
I0057,C0030,UR20DD277,P01,133.00,140.00,7.00,1.200,DD,272760.00,2462835.00,895.00,239.00,-61.00,268.00,"Reported Intercepts",7.00,0.00,Match
I0058,C0030,UR20DD277,P01,168.60,172.50,3.90,1.100,DD,272760.00,2462835.00,895.00,239.00,-61.00,268.00,"Reported Intercepts",3.90,0.00,Match
I0059,C0030,UR20DD277,P01,179.00,189.00,10.00,0.700,DD,272760.00,2462835.00,895.00,239.00,-61.00,268.00,"Reported Intercepts",10.00,0.00,Match
I0060,C0031,UR20DD278,P01,232.00,240.20,8.20,4.700,DD,272827.00,2462867.00,896.00,288.00,-62.00,272.00,"Reported Intercepts",8.20,0.00,Match
I0061,C0031,UR20DD278,P01,242.00,255.00,13.00,1.600,DD,272827.00,2462867.00,896.00,288.00,-62.00,272.00,"Reported Intercepts",13.00,0.00,Match
I0062,C0032,UR20DD279A,P01,243.60,256.60,13.00,3.400,DD,272853.00,2462836.00,895.00,318.00,-63.00,268.00,"Reported Intercepts",13.00,0.00,Match
I0063,C0033,UR20DD280,P01,5.00,8.00,3.00,2.600,DD,272650.00,2462760.00,895.00,82.00,-62.00,272.00,"Reported Intercepts",3.00,0.00,Match
I0064,C0034,UR20DD281,P01,57.70,69.00,11.30,1.900,DD,272691.00,2462762.00,895.00,118.00,-62.00,270.00,"Reported Intercepts",11.30,0.00,Match
I0065,C0034,UR20DD281,P01,87.00,90.00,3.00,2.200,DD,272691.00,2462762.00,895.00,118.00,-62.00,270.00,"Reported Intercepts",3.00,0.00,Match
I0066,C0035,UR20DD282,P01,141.80,145.00,3.20,0.600,DD,272737.00,2462761.00,895.00,208.00,-61.00,265.00,"Reported Intercepts",3.20,0.00,Match
I0067,C0036,UR20DD283,P01,174.00,177.00,3.00,0.500,DD,272788.00,2462761.00,895.00,235.00,-62.00,268.00,"Reported Intercepts",3.00,0.00,Match
I0068,C0036,UR20DD283,P01,179.00,204.30,25.30,1.900,DD,272788.00,2462761.00,895.00,235.00,-62.00,268.00,"Reported Intercepts",25.30,0.00,Match
I0069,C0037,UR20DD284,P01,219.50,242.80,23.30,3.000,DD,272831.00,2462764.00,894.00,281.00,-62.00,266.00,"Reported Intercepts",23.30,0.00,Match
I0070,C0038,UR20DD285,P01,201.00,214.00,13.00,2.800,DD,272877.00,2462761.00,895.00,325.00,-63.00,268.00,"Reported Intercepts",13.00,0.00,Match
I0071,C0038,UR20DD285,P01,216.90,220.00,3.10,0.700,DD,272877.00,2462761.00,895.00,325.00,-63.00,268.00,"Reported Intercepts",3.10,0.00,Match
I0072,C0038,UR20DD285,P01,234.00,237.00,3.00,2.400,DD,272877.00,2462761.00,895.00,325.00,-63.00,268.00,"Reported Intercepts",3.00,0.00,Match
I0073,C0038,UR20DD285,P01,290.00,298.20,8.20,4.200,DD,272877.00,2462761.00,895.00,325.00,-63.00,268.00,"Reported Intercepts",8.20,0.00,Match
I0074,C0039,UR20DD287,P01,47.00,50.00,3.00,3.300,DD,272691.00,2462715.00,895.00,120.00,-61.00,272.00,"Reported Intercepts",3.00,0.00,Match
I0075,C0040,UR20DD288,P01,169.00,186.00,17.00,1.900,DD,272782.00,2462715.00,895.00,225.00,-61.00,270.00,"Reported Intercepts",17.00,0.00,Match
I0076,C0041,UR20DD289,P01,204.00,225.00,21.00,1.700,DD,272815.00,2462716.00,895.00,257.00,-62.00,271.00,"Reported Intercepts",21.00,0.00,Match
I0077,C0042,UR20DD290,P01,235.30,238.60,3.30,1.200,DD,272856.00,2462717.00,896.00,305.00,-61.00,269.00,"Reported Intercepts",3.30,0.00,Match
I0078,C0042,UR20DD290,P01,246.00,256.00,10.00,6.200,DD,272856.00,2462717.00,896.00,305.00,-61.00,269.00,"Reported Intercepts",10.00,0.00,Match
I0079,C0042,UR20DD290,P01,260.00,267.00,7.00,1.300,DD,272856.00,2462717.00,896.00,305.00,-61.00,269.00,"Reported Intercepts",7.00,0.00,Match
I0080,C0043,UR20DD291,P01,134.30,138.00,3.70,2.100,DD,272744.00,2462714.00,895.00,201.00,-60.00,269.00,"Reported Intercepts",3.70,0.00,Match
I0081,C0044,UR20DD292,P01,294.00,314.00,20.00,2.600,DD,272902.00,2462717.00,895.00,333.00,-63.00,268.00,"Reported Intercepts",20.00,0.00,Match
I0082,C0045,UR20DD297,P01,66.00,78.00,12.00,2.400,DD,272716.00,2462566.00,896.00,116.00,-62.00,271.00,"Reported Intercepts",12.00,0.00,Match
I0083,C0046,UR20DD300,P01,17.00,20.00,3.00,0.600,DD,272622.00,2463015.00,896.00,60.00,-60.00,272.00,"Reported Intercepts",3.00,0.00,Match
I0084,C0047,UR20DD302,P01,107.00,112.00,5.00,2.300,DD,272727.00,2463016.00,896.00,195.00,-60.00,273.00,"Reported Intercepts",5.00,0.00,Match
I0085,C0048,UR20DD303,P01,147.20,157.00,9.80,2.400,DD,272779.00,2463016.00,896.00,249.00,-62.00,274.00,"Reported Intercepts",9.80,0.00,Match
I0086,C0048,UR20DD303,P01,161.70,167.40,5.70,2.200,DD,272779.00,2463016.00,896.00,249.00,-62.00,274.00,"Reported Intercepts",5.70,0.00,Match
I0087,C0048,UR20DD303,P01,177.00,185.00,8.00,1.500,DD,272779.00,2463016.00,896.00,249.00,-62.00,274.00,"Reported Intercepts",8.00,0.00,Match
I0088,C0048,UR20DD303,P01,206.00,215.00,9.00,1.400,DD,272779.00,2463016.00,896.00,249.00,-62.00,274.00,"Reported Intercepts",9.00,0.00,Match
I0089,C0049,UR20DD304,P01,226.00,232.40,6.40,1.200,DD,272827.00,2463017.00,896.00,306.00,-61.00,270.00,"Reported Intercepts",6.40,0.00,Match
I0090,C0049,UR20DD304,P01,251.00,268.50,17.50,1.800,DD,272827.00,2463017.00,896.00,306.00,-61.00,270.00,"Reported Intercepts",17.50,0.00,Match
I0091,C0050,UR20DD305,P01,290.00,296.20,6.20,4.600,DD,272879.00,2463018.00,896.00,360.00,-63.00,272.00,"Reported Intercepts",6.20,0.00,Match
I0092,C0050,UR20DD305,P01,305.40,323.00,17.60,2.500,DD,272879.00,2463018.00,896.00,360.00,-63.00,272.00,"Reported Intercepts",17.60,0.00,Match
I0093,C0050,UR20DD305,P01,323.60,328.00,4.40,1.600,DD,272879.00,2463018.00,896.00,360.00,-63.00,272.00,"Reported Intercepts",4.40,0.00,Match
I0094,C0051,UR20DD306,P01,12.20,16.00,3.80,0.600,DD,272625.00,2463065.00,896.00,76.00,-60.00,271.00,"Reported Intercepts",3.80,0.00,Match
I0095,C0051,UR20DD306,P01,24.00,28.30,4.30,2.200,DD,272625.00,2463065.00,896.00,76.00,-60.00,271.00,"Reported Intercepts",4.30,0.00,Match
I0096,C0052,UR20DD308,P01,119.50,123.00,3.50,1.100,DD,272724.00,2463066.00,896.00,198.00,-61.00,270.00,"Reported Intercepts",3.50,0.00,Match
I0097,C0053,UR20DD309,P01,161.70,173.00,11.30,1.000,DD,272778.00,2463066.00,896.00,270.00,-60.00,271.00,"Reported Intercepts",11.30,0.00,Match
I0098,C0053,UR20DD309,P01,194.70,200.00,5.40,0.800,DD,272778.00,2463066.00,896.00,270.00,-60.00,271.00,"Reported Intercepts",5.30,0.10,Review
I0099,C0053,UR20DD309,P01,205.10,218.40,13.30,5.600,DD,272778.00,2463066.00,896.00,270.00,-60.00,271.00,"Reported Intercepts",13.30,0.00,Match
I0100,C0054,UR20DD310,P01,17.00,20.00,3.00,0.900,DD,272627.00,2463110.00,897.00,73.00,-61.00,271.00,"Reported Intercepts",3.00,0.00,Match
I0101,C0055,UR20DD312,P01,130.00,140.80,10.80,1.300,DD,272726.00,2463111.00,896.00,205.00,-60.00,272.00,"Reported Intercepts",10.80,0.00,Match
I0102,C0055,UR20DD312,P01,143.00,146.00,3.00,0.600,DD,272726.00,2463111.00,896.00,205.00,-60.00,272.00,"Reported Intercepts",3.00,0.00,Match
I0103,C0056,UR20DD313,P01,207.00,210.00,3.00,2.000,DD,272775.00,2463111.00,896.00,259.00,-61.00,273.00,"Reported Intercepts",3.00,0.00,Match
I0104,C0057,UR20DD314,P01,37.00,40.00,3.00,0.700,DD,272617.00,2463161.00,897.00,78.00,-60.00,269.00,"Reported Intercepts",3.00,0.00,Match
I0105,C0058,UR20DD315,P01,82.00,89.00,7.00,0.800,DD,272675.00,2463161.00,897.00,138.00,-61.00,273.00,"Reported Intercepts",7.00,0.00,Match
I0106,C0059,UR20DD316,P01,108.60,113.00,4.40,2.200,DD,272721.00,2463161.00,896.00,183.00,-59.00,269.00,"Reported Intercepts",4.40,0.00,Match
I0107,C0060,UR20DD318,P01,39.00,48.00,9.00,1.300,DD,272674.00,2463210.00,897.00,129.00,-60.00,270.00,"Reported Intercepts",9.00,0.00,Match
I0108,C0061,UR20DD319,P01,22.00,27.40,5.40,1.200,DD,272981.00,2461111.00,896.00,38.00,-60.00,273.00,"Reported Intercepts",5.40,0.00,Match
I0109,C0062,UR20DD324,P01,74.50,79.00,4.50,1.500,DD,272735.00,2462465.00,896.00,90.00,-59.00,271.00,"Reported Intercepts",4.50,0.00,Match
I0110,C0063,UR20DD326A,P01,76.00,82.40,6.40,2.000,DD,272751.00,2462410.00,896.00,114.00,-61.00,270.00,"Reported Intercepts",6.40,0.00,Match
I0111,C0064,UR20DD327,P01,108.90,113.00,4.10,1.300,DD,272790.00,2462410.00,896.00,144.00,-61.00,269.00,"Reported Intercepts",4.10,0.00,Match
I0112,C0065,UR20DD328,P01,23.00,30.90,7.90,1.000,DD,272701.00,2462365.00,897.00,44.00,-61.00,273.00,"Reported Intercepts",7.90,0.00,Match
I0113,C0066,UR20DD329,P01,66.30,77.60,11.40,2.000,DD,272749.00,2462363.00,896.00,97.00,-62.00,271.00,"Reported Intercepts",11.30,0.10,Review
I0114,C0066,UR20DD329,P01,79.00,82.00,3.00,0.800,DD,272749.00,2462363.00,896.00,97.00,-62.00,271.00,"Reported Intercepts",3.00,0.00,Match
I0115,C0067,UR20DD330,P01,23.00,29.00,6.00,4.000,DD,272713.00,2462309.00,897.00,47.00,-63.00,271.00,"Reported Intercepts",6.00,0.00,Match
I0116,C0068,UR20DD331,P01,98.00,105.00,7.00,2.100,DD,272781.00,2462310.00,896.00,128.00,-62.00,268.00,"Reported Intercepts",7.00,0.00,Match
I0117,C0069,UR20DD332,P01,22.00,33.00,11.00,1.500,DD,272745.00,2462113.00,896.00,48.00,-61.00,272.00,"Reported Intercepts",11.00,0.00,Match
I0118,C0070,UR20DD333,P01,79.00,82.00,3.00,4.000,DD,272805.00,2462115.00,896.00,108.00,-62.00,272.00,"Reported Intercepts",3.00,0.00,Match
I0119,C0070,UR20DD333,P01,87.50,93.50,6.00,1.100,DD,272805.00,2462115.00,896.00,108.00,-62.00,272.00,"Reported Intercepts",6.00,0.00,Match
I0120,C0071,UR20DD334,P01,18.50,38.00,19.50,1.700,DD,272756.00,2462064.00,897.00,51.00,-61.00,274.00,"Reported Intercepts",19.50,0.00,Match
I0121,C0072,UR20DD335,P01,74.50,85.00,10.50,2.400,DD,272810.00,2462066.00,897.00,104.00,-60.00,270.00,"Reported Intercepts",10.50,0.00,Match
I0122,C0073,UR20DD336,P01,17.00,31.00,14.00,3.300,DD,272762.00,2462015.00,897.00,45.00,-61.00,273.00,"Reported Intercepts",14.00,0.00,Match
I0123,C0074,UR20DD337,P01,83.00,86.00,3.00,0.800,DD,272820.00,2462015.00,896.00,104.00,-63.00,268.00,"Reported Intercepts",3.00,0.00,Match
I0124,C0075,UR20DD338,P01,5.00,23.00,18.00,2.200,DD,272767.00,2461956.00,896.00,45.00,-58.00,268.00,"Reported Intercepts",18.00,0.00,Match
I0125,C0076,UR20DD341,P01,96.90,101.00,4.10,1.000,DD,272905.00,2461683.00,896.00,115.00,-59.00,270.00,"Reported Intercepts",4.10,0.00,Match
I0126,C0077,UR20DD343,P01,52.00,62.00,10.00,1.000,DD,272858.00,2461707.00,896.00,88.00,-62.00,269.00,"Reported Intercepts",10.00,0.00,Match
I0127,C0078,UR20DD345,P01,48.00,51.70,3.70,1.800,DD,272875.00,2461660.00,897.00,79.00,-60.00,271.00,"Reported Intercepts",3.70,0.00,Match
I0128,C0079,UR20DD346,P01,34.00,37.60,3.60,0.900,DD,272881.00,2461635.00,897.00,77.00,-60.00,270.00,"Reported Intercepts",3.60,0.00,Match
I0129,C0080,UR20DD351,P01,74.00,77.00,3.00,0.700,DD,272913.00,2461660.00,896.00,112.00,-61.00,268.00,"Reported Intercepts",3.00,0.00,Match
I0130,C0080,UR20DD351,P01,89.00,97.00,8.00,0.800,DD,272913.00,2461660.00,896.00,112.00,-61.00,268.00,"Reported Intercepts",8.00,0.00,Match
I0131,C0081,UR20DD352,P01,50.00,53.00,3.00,1.600,DD,272865.00,2461685.00,896.00,77.00,-60.00,269.00,"Reported Intercepts",3.00,0.00,Match
I0132,C0082,UR20DD353,P01,7.80,27.00,19.20,1.900,DD,272760.00,2461986.00,896.00,40.00,-59.00,276.00,"Reported Intercepts",19.20,0.00,Match
I0133,C0083,UR20DD354,P01,21.00,31.70,10.70,2.000,DD,272815.00,2461788.00,896.00,54.00,-60.00,271.00,"Reported Intercepts",10.70,0.00,Match
I0134,C0084,UR20DD355,P01,22.00,32.00,10.00,1.000,DD,272809.00,2461837.00,896.00,51.00,-60.00,270.00,"Reported Intercepts",10.00,0.00,Match
I0135,C0085,UR20DD357,P01,73.60,83.00,9.40,1.200,DD,272865.00,2461787.00,896.00,102.00,-61.00,271.00,"Reported Intercepts",9.40,0.00,Match
I0136,C0086,UR20DD358,P01,77.00,80.00,3.00,1.800,DD,272859.00,2461838.00,896.00,108.00,-61.00,272.00,"Reported Intercepts",3.00,0.00,Match
I0137,C0087,UR20DD360,P01,63.00,67.40,4.40,3.500,DD,272861.00,2461743.00,896.00,93.00,-60.00,270.00,"Reported Intercepts",4.40,0.00,Match
I0138,C0088,UR20DD361,P01,46.00,49.20,3.20,1.200,DD,272838.00,2461813.00,896.00,81.00,-61.00,271.00,"Reported Intercepts",3.20,0.00,Match
I0139,C0089,UR20DD363,P01,43.10,56.00,12.90,2.200,DD,272839.00,2461765.00,896.00,75.00,-59.00,271.00,"Reported Intercepts",12.90,0.00,Match
I0140,C0090,UR20DD365,P01,10.50,18.80,8.30,2.200,DD,272800.00,2461763.00,896.00,42.00,-60.00,271.00,"Reported Intercepts",8.30,0.00,Match
I0141,C0091,UR20DD366,P01,6.10,18.00,11.90,2.700,DD,272792.00,2461813.00,896.00,50.00,-61.00,269.00,"Reported Intercepts",11.90,0.00,Match
I0142,C0092,UR20DD368,P01,18.50,32.10,13.60,1.000,DD,272779.00,2461905.00,896.00,42.00,-60.00,270.00,"Reported Intercepts",13.60,0.00,Match
I0143,C0093,UR20DD369,P01,11.00,31.00,20.00,2.900,DD,272772.00,2461933.00,896.00,64.00,-60.00,270.00,"Reported Intercepts",20.00,0.00,Match
I0144,C0094,UR20DD370,P01,27.00,31.00,4.00,1.100,DD,272915.00,2461386.00,897.00,63.00,-60.00,269.00,"Reported Intercepts",4.00,0.00,Match
I0145,C0095,UR20DD371,P01,11.00,17.30,6.30,0.900,DD,272903.00,2461436.00,897.00,63.00,-61.00,270.00,"Reported Intercepts",6.30,0.00,Match
I0146,C0095,UR20DD371,P01,20.30,26.10,5.90,0.900,DD,272903.00,2461436.00,897.00,63.00,-61.00,270.00,"Reported Intercepts",5.80,0.10,Review
I0147,C0096,UR20DD372,P01,17.80,26.00,8.20,1.000,DD,272901.00,2461483.00,897.00,62.00,-61.00,271.00,"Reported Intercepts",8.20,0.00,Match
I0148,C0097,UR20DD373,P01,71.80,80.80,9.00,2.500,DD,272955.00,2461436.00,896.00,120.00,-61.00,269.00,"Reported Intercepts",9.00,0.00,Match
I0149,C0098,UR20DD374,P01,65.40,70.40,5.00,1.200,DD,272947.00,2461488.00,897.00,120.00,-60.00,269.00,"Reported Intercepts",5.00,0.00,Match
I0150,C0099,UR20DD376,P01,16.00,22.20,6.20,1.400,DD,272719.00,2462235.00,896.00,50.00,-61.00,268.00,"Reported Intercepts",6.20,0.00,Match
I0151,C0100,UR20DD377,P01,16.00,23.00,7.00,1.400,DD,272726.00,2462196.00,896.00,50.00,-61.00,268.00,"Reported Intercepts",7.00,0.00,Match
I0152,C0101,UR20DD378,P01,37.00,52.00,15.00,2.000,DD,272749.00,2462160.00,896.00,70.00,-60.00,269.00,"Reported Intercepts",15.00,0.00,Match
I0153,C0102,UR20DD379,P01,16.00,23.00,7.00,1.500,DD,272714.00,2462272.00,897.00,36.00,-61.00,269.00,"Reported Intercepts",7.00,0.00,Match
I0154,C0103,UR20DD380,P01,57.20,65.00,7.80,1.300,DD,272764.00,2462196.00,896.00,100.00,-60.00,269.00,"Reported Intercepts",7.80,0.00,Match
I0155,C0104,UR21DD305,P01,22.00,26.00,4.00,1.100,DD,273114.00,2460710.00,897.00,102.00,-62.00,272.00,"Reported Intercepts",4.00,0.00,Match
I0156,C0105,UR21DD306,P01,85.00,95.40,10.40,1.200,DD,273176.00,2460710.00,897.00,177.00,-62.00,271.00,"Reported Intercepts",10.40,0.00,Match
I0157,C0105,UR21DD306,P01,103.00,107.30,4.30,1.000,DD,273176.00,2460710.00,897.00,177.00,-62.00,271.00,"Reported Intercepts",4.30,0.00,Match
I0158,C0106,UR21DD307,P01,143.10,153.00,9.90,2.200,DD,273224.00,2460710.00,897.00,216.00,-61.00,266.00,"Reported Intercepts",9.90,0.00,Match
I0159,C0107,UR21DD308,P01,156.00,159.00,3.00,1.700,DD,273270.00,2460711.00,897.00,225.00,-61.00,268.00,"Reported Intercepts",3.00,0.00,Match
I0160,C0107,UR21DD308,P01,183.00,197.00,14.00,1.800,DD,273270.00,2460711.00,897.00,225.00,-61.00,268.00,"Reported Intercepts",14.00,0.00,Match
I0161,C0108,UR21DD309,P01,229.20,242.00,12.80,2.400,DD,273317.00,2460711.00,897.00,267.00,-62.00,268.00,"Reported Intercepts",12.80,0.00,Match
I0162,C0109,UR21DD310,P01,18.00,25.00,7.00,1.800,DD,273117.00,2460660.00,896.00,101.00,-62.00,272.00,"Reported Intercepts",7.00,0.00,Match
I0163,C0109,UR21DD310,P01,37.00,44.20,7.20,3.400,DD,273117.00,2460660.00,896.00,101.00,-62.00,272.00,"Reported Intercepts",7.20,0.00,Match
I0164,C0110,UR21DD311,P01,72.50,79.00,6.50,1.100,DD,273170.00,2460660.00,896.00,146.00,-60.00,272.00,"Reported Intercepts",6.50,0.00,Match
I0165,C0110,UR21DD311,P01,92.00,95.80,3.80,2.500,DD,273170.00,2460660.00,896.00,146.00,-60.00,272.00,"Reported Intercepts",3.80,0.00,Match
I0166,C0111,UR21DD312,P01,122.00,147.10,25.10,2.300,DD,273224.00,2460660.00,896.00,215.00,-61.00,269.00,"Reported Intercepts",25.10,0.00,Match
I0167,C0112,UR21DD313,P01,183.00,196.00,13.00,1.300,DD,273271.00,2460661.00,896.00,249.00,-63.00,268.00,"Reported Intercepts",13.00,0.00,Match
I0168,C0113,UR21DD314,P01,213.00,220.90,7.90,2.900,DD,273312.00,2460661.00,896.00,291.00,-59.00,268.00,"Reported Intercepts",7.90,0.00,Match
I0169,C0114,UR21DD315,P01,21.00,33.70,12.70,2.500,DD,273120.00,2460615.00,897.00,108.00,-60.00,270.00,"Reported Intercepts",12.70,0.00,Match
I0170,C0115,UR21DD316,P01,79.10,92.00,12.90,1.300,DD,273178.00,2460613.00,897.00,180.00,-62.00,271.00,"Reported Intercepts",12.90,0.00,Match
I0171,C0115,UR21DD316,P01,100.80,109.00,8.20,1.900,DD,273178.00,2460613.00,897.00,180.00,-62.00,271.00,"Reported Intercepts",8.20,0.00,Match
I0172,C0116,UR21DD317,P01,128.20,138.60,10.40,3.300,DD,273230.00,2460615.00,897.00,198.00,-62.00,270.00,"Reported Intercepts",10.40,0.00,Match
I0173,C0116,UR21DD317,P01,148.00,157.20,9.20,1.900,DD,273230.00,2460615.00,897.00,198.00,-62.00,270.00,"Reported Intercepts",9.20,0.00,Match
I0174,C0117,UR21DD318,P01,169.50,191.80,22.30,2.200,DD,273273.00,2460615.00,897.00,217.00,-62.00,268.00,"Reported Intercepts",22.30,0.00,Match
I0175,C0118,UR21DD319,P01,25.00,37.00,12.00,2.000,DD,273129.00,2460564.00,897.00,125.00,-61.00,273.00,"Reported Intercepts",12.00,0.00,Match
I0176,C0118,UR21DD319,P01,51.30,55.50,4.30,1.800,DD,273129.00,2460564.00,897.00,125.00,-61.00,273.00,"Reported Intercepts",4.20,0.10,Review
I0177,C0119,UR21DD320,P01,88.60,95.70,7.10,1.300,DD,273197.00,2460564.00,897.00,147.00,-62.00,270.00,"Reported Intercepts",7.10,0.00,Match
I0178,C0119,UR21DD320,P01,98.00,106.00,8.00,1.600,DD,273197.00,2460564.00,897.00,147.00,-62.00,270.00,"Reported Intercepts",8.00,0.00,Match
I0179,C0119,UR21DD320,P01,116.00,122.50,6.50,1.300,DD,273197.00,2460564.00,897.00,147.00,-62.00,270.00,"Reported Intercepts",6.50,0.00,Match
I0180,C0119,UR21DD320,P01,127.00,130.00,3.00,1.200,DD,273197.00,2460564.00,897.00,147.00,-62.00,270.00,"Reported Intercepts",3.00,0.00,Match
I0181,C0120,UR21DD321,P01,141.90,154.50,12.60,1.700,DD,273250.00,2460566.00,896.00,206.00,-64.00,267.00,"Reported Intercepts",12.60,0.00,Match
I0182,C0120,UR21DD321,P01,156.70,162.00,5.30,3.800,DD,273250.00,2460566.00,896.00,206.00,-64.00,267.00,"Reported Intercepts",5.30,0.00,Match
I0183,C0120,UR21DD321,P01,169.00,173.00,4.00,1.500,DD,273250.00,2460566.00,896.00,206.00,-64.00,267.00,"Reported Intercepts",4.00,0.00,Match
I0184,C0121,UR21DD322,P01,26.10,40.00,13.90,1.200,DD,273140.00,2460515.00,897.00,117.00,-60.00,270.00,"Reported Intercepts",13.90,0.00,Match
I0185,C0121,UR21DD322,P01,51.30,59.70,8.40,3.000,DD,273140.00,2460515.00,897.00,117.00,-60.00,270.00,"Reported Intercepts",8.40,0.00,Match
I0186,C0122,UR21DD323,P01,85.00,107.20,22.20,1.300,DD,273204.00,2460515.00,896.00,144.00,-61.00,271.00,"Reported Intercepts",22.20,0.00,Match
I0187,C0122,UR21DD323,P01,119.00,123.00,4.00,2.900,DD,273204.00,2460515.00,896.00,144.00,-61.00,271.00,"Reported Intercepts",4.00,0.00,Match
I0188,C0123,UR21DD324,P01,146.00,154.00,8.00,2.300,DD,273259.00,2460516.00,896.00,207.00,-61.00,271.00,"Reported Intercepts",8.00,0.00,Match
I0189,C0123,UR21DD324,P01,166.00,174.00,8.00,2.400,DD,273259.00,2460516.00,896.00,207.00,-61.00,271.00,"Reported Intercepts",8.00,0.00,Match
I0190,C0124,UR21DD325,P01,29.00,59.10,30.10,1.300,DD,273153.00,2460465.00,896.00,81.00,-60.00,272.00,"Reported Intercepts",30.10,0.00,Match
I0191,C0125,UR21DD326,P01,77.00,83.30,6.30,1.300,DD,273212.00,2460465.00,896.00,150.00,-61.00,269.00,"Reported Intercepts",6.30,0.00,Match
I0192,C0125,UR21DD326,P01,86.30,106.00,19.70,1.100,DD,273212.00,2460465.00,896.00,150.00,-61.00,269.00,"Reported Intercepts",19.70,0.00,Match
I0193,C0126,UR21DD327,P01,27.50,35.70,8.20,1.300,DD,273166.00,2460411.00,896.00,84.00,-60.00,267.00,"Reported Intercepts",8.20,0.00,Match
I0194,C0127,UR21DD328,P01,93.00,102.50,9.50,0.700,DD,273222.00,2460410.00,897.00,135.00,-61.00,268.00,"Reported Intercepts",9.50,0.00,Match
I0195,C0127,UR21DD328,P01,104.60,109.00,4.40,1.000,DD,273222.00,2460410.00,897.00,135.00,-61.00,268.00,"Reported Intercepts",4.40,0.00,Match
I0196,C0128,UR21DD329,P01,15.00,18.00,3.00,0.700,DD,273086.00,2460811.00,897.00,74.00,-61.00,274.00,"Reported Intercepts",3.00,0.00,Match
I0197,C0128,UR21DD329,P01,51.50,55.00,3.50,1.200,DD,273086.00,2460811.00,897.00,74.00,-61.00,274.00,"Reported Intercepts",3.50,0.00,Match
I0198,C0129,UR21DD330,P01,81.00,86.00,5.00,0.700,DD,273138.00,2460810.00,897.00,149.00,-61.00,271.00,"Reported Intercepts",5.00,0.00,Match
I0199,C0129,UR21DD330,P01,112.00,116.40,4.40,1.200,DD,273138.00,2460810.00,897.00,149.00,-61.00,271.00,"Reported Intercepts",4.40,0.00,Match
I0200,C0129,UR21DD330,P01,120.00,131.00,11.00,1.400,DD,273138.00,2460810.00,897.00,149.00,-61.00,271.00,"Reported Intercepts",11.00,0.00,Match
I0201,C0130,UR21DD331,P01,167.00,178.00,11.00,2.000,DD,273195.00,2460811.00,897.00,224.00,-63.00,268.00,"Reported Intercepts",11.00,0.00,Match
I0202,C0131,UR21DD332,P01,195.00,210.40,15.40,1.400,DD,273247.00,2460812.00,896.00,263.00,-61.00,268.00,"Reported Intercepts",15.40,0.00,Match
I0203,C0131,UR21DD332,P01,211.10,222.90,11.80,2.000,DD,273247.00,2460812.00,896.00,263.00,-61.00,268.00,"Reported Intercepts",11.80,0.00,Match
I0204,C0132,UR21DD333,P01,42.00,54.00,12.00,2.200,DD,273103.00,2460760.00,897.00,93.00,-62.00,268.00,"Reported Intercepts",12.00,0.00,Match
I0205,C0133,UR21DD334,P01,52.80,58.00,5.30,1.300,DD,273144.00,2460760.00,896.00,135.00,-61.00,268.00,"Reported Intercepts",5.20,0.10,Review
I0206,C0133,UR21DD334,P01,63.00,67.00,4.00,0.700,DD,273144.00,2460760.00,896.00,135.00,-61.00,268.00,"Reported Intercepts",4.00,0.00,Match
I0207,C0133,UR21DD334,P01,84.00,93.00,9.00,1.700,DD,273144.00,2460760.00,896.00,135.00,-61.00,268.00,"Reported Intercepts",9.00,0.00,Match
I0208,C0134,UR21DD335,P01,112.40,118.70,6.30,1.400,DD,273196.00,2460761.00,896.00,204.00,-63.00,266.00,"Reported Intercepts",6.30,0.00,Match
I0209,C0134,UR21DD335,P01,122.00,140.10,18.10,1.000,DD,273196.00,2460761.00,896.00,204.00,-63.00,266.00,"Reported Intercepts",18.10,0.00,Match
I0210,C0135,UR21DD336,P01,176.40,183.00,6.60,1.000,DD,273250.00,2460765.00,896.00,246.00,-62.00,269.00,"Reported Intercepts",6.60,0.00,Match
I0211,C0135,UR21DD336,P01,188.00,210.70,22.70,2.100,DD,273250.00,2460765.00,896.00,246.00,-62.00,269.00,"Reported Intercepts",22.70,0.00,Match
I0212,C0136,UR21DD337,P01,233.00,253.00,20.00,1.400,DD,273305.00,2460762.00,896.00,279.00,-63.00,271.00,"Reported Intercepts",20.00,0.00,Match
I0213,C0136,UR21DD337,P01,255.50,259.00,3.50,1.600,DD,273305.00,2460762.00,896.00,279.00,-63.00,271.00,"Reported Intercepts",3.50,0.00,Match
I0214,C0137,UR21DD338,P01,14.40,20.50,6.10,0.600,DD,273112.00,2460735.00,897.00,92.00,-62.00,270.00,"Reported Intercepts",6.10,0.00,Match
I0215,C0137,UR21DD338,P01,26.60,30.60,3.90,0.800,DD,273112.00,2460735.00,897.00,92.00,-62.00,270.00,"Reported Intercepts",4.00,-0.10,Review
I0216,C0137,UR21DD338,P01,58.20,62.00,3.80,1.100,DD,273112.00,2460735.00,897.00,92.00,-62.00,270.00,"Reported Intercepts",3.80,0.00,Match
I0217,C0138,UR21DD339,P01,90.00,95.90,5.90,0.800,DD,273161.00,2460735.00,897.00,146.00,-61.00,270.00,"Reported Intercepts",5.90,0.00,Match
I0218,C0138,UR21DD339,P01,100.00,108.00,8.10,1.900,DD,273161.00,2460735.00,897.00,146.00,-61.00,270.00,"Reported Intercepts",8.00,0.10,Review
I0219,C0139,UR21DD340,P01,126.30,144.00,17.70,1.000,DD,273210.00,2460735.00,896.00,197.00,-63.00,268.00,"Reported Intercepts",17.70,0.00,Match
I0220,C0139,UR21DD340,P01,145.00,156.10,11.10,2.200,DD,273210.00,2460735.00,896.00,197.00,-63.00,268.00,"Reported Intercepts",11.10,0.00,Match
I0221,C0140,UR21DD341,P01,157.80,165.60,7.80,1.300,DD,273258.00,2460736.00,896.00,224.00,-62.00,272.00,"Reported Intercepts",7.80,0.00,Match
I0222,C0140,UR21DD341,P01,181.50,193.00,11.50,1.600,DD,273258.00,2460736.00,896.00,224.00,-62.00,272.00,"Reported Intercepts",11.50,0.00,Match
I0223,C0140,UR21DD341,P01,198.00,211.00,13.00,1.400,DD,273258.00,2460736.00,896.00,224.00,-62.00,272.00,"Reported Intercepts",13.00,0.00,Match
I0224,C0141,UR21DD342A,P01,214.00,239.00,25.00,2.200,DD,273290.00,2460737.00,896.00,272.00,-61.00,268.00,"Reported Intercepts",25.00,0.00,Match
I0225,C0142,UR21DD343,P01,62.00,65.00,3.00,0.600,DD,273111.00,2460835.00,897.00,129.00,-61.00,268.00,"Reported Intercepts",3.00,0.00,Match
I0226,C0142,UR21DD343,P01,76.00,86.80,10.80,1.200,DD,273111.00,2460835.00,897.00,129.00,-61.00,268.00,"Reported Intercepts",10.80,0.00,Match
I0227,C0142,UR21DD343,P01,90.00,95.00,5.00,1.400,DD,273111.00,2460835.00,897.00,129.00,-61.00,268.00,"Reported Intercepts",5.00,0.00,Match
I0228,C0142,UR21DD343,P01,96.70,106.30,9.50,2.200,DD,273111.00,2460835.00,897.00,129.00,-61.00,268.00,"Reported Intercepts",9.60,-0.10,Review
I0229,C0143,UR21DD344,P01,105.80,119.00,13.20,1.300,DD,273165.00,2460835.00,896.00,189.00,-60.00,264.00,"Reported Intercepts",13.20,0.00,Match
I0230,C0143,UR21DD344,P01,145.00,157.40,12.40,1.400,DD,273165.00,2460835.00,896.00,189.00,-60.00,264.00,"Reported Intercepts",12.40,0.00,Match
I0231,C0143,UR21DD344,P01,159.60,163.00,3.40,5.700,DD,273165.00,2460835.00,896.00,189.00,-60.00,264.00,"Reported Intercepts",3.40,0.00,Match
I0232,C0144,UR21DD345,P01,33.00,44.10,11.10,1.500,DD,273067.00,2460835.00,896.00,54.00,-61.00,266.00,"Reported Intercepts",11.10,0.00,Match
I0233,C0145,UR21DD346,P01,36.00,43.00,7.00,2.100,DD,273058.00,2460861.00,897.00,47.00,-61.00,270.00,"Reported Intercepts",7.00,0.00,Match
I0234,C0146,UR21DD347,P01,47.00,53.00,6.00,0.800,DD,273098.00,2460861.00,897.00,109.00,-60.00,269.00,"Reported Intercepts",6.00,0.00,Match
I0235,C0146,UR21DD347,P01,70.00,77.00,7.00,0.900,DD,273098.00,2460861.00,897.00,109.00,-60.00,269.00,"Reported Intercepts",7.00,0.00,Match
I0236,C0146,UR21DD347,P01,78.80,83.00,4.20,0.900,DD,273098.00,2460861.00,897.00,109.00,-60.00,269.00,"Reported Intercepts",4.20,0.00,Match
I0237,C0146,UR21DD347,P01,85.00,91.00,6.00,1.800,DD,273098.00,2460861.00,897.00,109.00,-60.00,269.00,"Reported Intercepts",6.00,0.00,Match
I0238,C0147,UR21DD348,P01,35.00,38.20,3.20,0.700,DD,273147.00,2460861.00,896.00,170.00,-61.00,271.00,"Reported Intercepts",3.20,0.00,Match
I0239,C0147,UR21DD348,P01,120.70,138.00,17.30,1.700,DD,273147.00,2460861.00,896.00,170.00,-61.00,271.00,"Reported Intercepts",17.30,0.00,Match
I0240,C0147,UR21DD348,P01,140.70,148.10,7.40,1.300,DD,273147.00,2460861.00,896.00,170.00,-61.00,271.00,"Reported Intercepts",7.40,0.00,Match
I0241,C0148,UR21DD349,P01,132.50,136.00,3.50,0.800,DD,273177.00,2460861.00,896.00,192.00,-63.00,271.00,"Reported Intercepts",3.50,0.00,Match
I0242,C0148,UR21DD349,P01,156.00,169.00,13.00,1.700,DD,273177.00,2460861.00,896.00,192.00,-63.00,271.00,"Reported Intercepts",13.00,0.00,Match
I0243,C0149,UR21DD350,P01,26.80,32.00,5.20,2.100,DD,273043.00,2460910.00,897.00,47.00,-60.00,274.00,"Reported Intercepts",5.20,0.00,Match
I0244,C0150,UR21DD351,P01,44.00,55.00,11.00,1.000,DD,273069.00,2460910.00,897.00,77.00,-60.00,277.00,"Reported Intercepts",11.00,0.00,Match
I0245,C0151,UR21DD352,P01,82.00,88.00,6.00,0.700,DD,273105.00,2460910.00,896.00,132.00,-60.00,269.00,"Reported Intercepts",6.00,0.00,Match
I0246,C0151,UR21DD352,P01,97.00,103.80,6.80,1.900,DD,273105.00,2460910.00,896.00,132.00,-60.00,269.00,"Reported Intercepts",6.80,0.00,Match
I0247,C0152,UR21DD353,P01,128.00,134.00,6.00,0.900,DD,273159.00,2460911.00,896.00,186.00,-60.00,266.00,"Reported Intercepts",6.00,0.00,Match
I0248,C0153,UR21DD354,P01,72.00,76.00,4.00,0.800,DD,273086.00,2460935.00,897.00,114.00,-61.00,271.00,"Reported Intercepts",4.00,0.00,Match
I0249,C0154,UR21DD355,P01,112.00,115.00,3.00,0.600,DD,273130.00,2460935.00,896.00,165.00,-62.00,269.00,"Reported Intercepts",3.00,0.00,Match
I0250,C0155,UR21DD356,P01,25.00,29.60,4.60,0.800,DD,273005.00,2461059.00,896.00,55.00,-61.00,272.00,"Reported Intercepts",4.60,0.00,Match
I0251,C0156,UR21DD357,P01,42.00,49.00,7.00,1.300,DD,273064.00,2461060.00,896.00,116.00,-61.00,272.00,"Reported Intercepts",7.00,0.00,Match
I0252,C0157,UR21DD358,P01,36.00,47.50,11.50,0.800,DD,273030.00,2461010.00,896.00,52.00,-61.00,267.00,"Reported Intercepts",11.50,0.00,Match
I0253,C0158,UR21DD360,P01,71.00,74.00,3.00,1.100,DD,273068.00,2460960.00,896.00,102.00,-59.00,271.00,"Reported Intercepts",3.00,0.00,Match
I0254,C0159,UR21DD362,P01,15.00,22.00,7.00,1.300,DD,273070.00,2461009.00,896.00,116.00,-62.00,270.00,"Reported Intercepts",7.00,0.00,Match
I0255,C0159,UR21DD362,P01,57.00,64.00,7.00,0.700,DD,273070.00,2461009.00,896.00,116.00,-62.00,270.00,"Reported Intercepts",7.00,0.00,Match
I0256,C0160,UR21DD363,P01,10.00,14.00,4.00,0.600,DD,273007.00,2461110.00,896.00,66.00,-61.00,271.00,"Reported Intercepts",4.00,0.00,Match
I0257,C0160,UR21DD363,P01,21.00,24.00,3.00,1.500,DD,273007.00,2461110.00,896.00,66.00,-61.00,271.00,"Reported Intercepts",3.00,0.00,Match
I0258,C0160,UR21DD363,P01,50.00,57.00,7.00,1.600,DD,273007.00,2461110.00,896.00,66.00,-61.00,271.00,"Reported Intercepts",7.00,0.00,Match
I0259,C0161,UR21DD364,P01,28.90,32.00,3.10,2.300,DD,273026.00,2461164.00,896.00,102.00,-61.00,271.00,"Reported Intercepts",3.10,0.00,Match
I0260,C0161,UR21DD364,P01,66.30,73.00,6.70,0.700,DD,273026.00,2461164.00,896.00,102.00,-61.00,271.00,"Reported Intercepts",6.70,0.00,Match
I0261,C0162,UR21DD365,P01,59.50,65.00,5.50,0.700,DD,273052.00,2461166.00,896.00,125.00,-60.00,269.00,"Reported Intercepts",5.50,0.00,Match
I0262,C0162,UR21DD365,P01,86.80,91.00,4.20,0.800,DD,273052.00,2461166.00,896.00,125.00,-60.00,269.00,"Reported Intercepts",4.20,0.00,Match
I0263,C0163,UR21DD366,P01,20.40,25.00,4.60,0.900,DD,273056.00,2461110.00,896.00,119.00,-61.00,273.00,"Reported Intercepts",4.60,0.00,Match
I0264,C0163,UR21DD366,P01,93.00,100.00,7.00,1.000,DD,273056.00,2461110.00,896.00,119.00,-61.00,273.00,"Reported Intercepts",7.00,0.00,Match
I0265,C0164,UR21DD367,P01,10.00,13.00,3.00,0.800,DD,273016.00,2461140.00,896.00,101.00,-61.00,269.00,"Reported Intercepts",3.00,0.00,Match
I0266,C0164,UR21DD367,P01,41.00,49.00,8.00,1.000,DD,273016.00,2461140.00,896.00,101.00,-61.00,269.00,"Reported Intercepts",8.00,0.00,Match
I0267,C0164,UR21DD367,P01,55.00,67.70,12.70,0.700,DD,273016.00,2461140.00,896.00,101.00,-61.00,269.00,"Reported Intercepts",12.70,0.00,Match
I0268,C0165,UR21DD368,P01,8.00,13.30,5.30,0.900,DD,273040.00,2461215.00,896.00,147.00,-61.00,270.00,"Reported Intercepts",5.30,0.00,Match
I0269,C0165,UR21DD368,P01,32.00,38.80,6.80,1.100,DD,273040.00,2461215.00,896.00,147.00,-61.00,270.00,"Reported Intercepts",6.80,0.00,Match
I0270,C0165,UR21DD368,P01,112.80,116.30,3.50,1.700,DD,273040.00,2461215.00,896.00,147.00,-61.00,270.00,"Reported Intercepts",3.50,0.00,Match
I0271,C0166,UR21DD369,P01,20.80,28.50,7.70,0.700,DD,272999.00,2461240.00,896.00,90.00,-61.00,272.00,"Reported Intercepts",7.70,0.00,Match
I0272,C0166,UR21DD369,P01,69.00,72.00,3.00,0.700,DD,272999.00,2461240.00,896.00,90.00,-61.00,272.00,"Reported Intercepts",3.00,0.00,Match
I0273,C0199,ASH55DD001A,P02,37.80,42.10,4.30,6.300,DD,781746.00,2514850.00,937.00,227.00,-56.00,245.00,"Reported Intercepts",4.30,0.00,Match
I0274,C0199,ASH55DD001A,P02,76.00,79.20,3.20,14.700,DD,781746.00,2514850.00,937.00,227.00,-56.00,245.00,"Reported Intercepts",3.20,0.00,Match
I0275,C0200,ASH55DD008,P02,86.80,90.00,3.20,4.500,DD,781782.00,2514795.00,937.00,185.00,-55.00,246.00,"Reported Intercepts",3.20,0.00,Match
I0276,C0201,ASH55DD009,P02,55.00,58.40,3.40,1.000,DD,781780.00,2514755.00,938.00,191.00,-54.00,245.00,"Reported Intercepts",3.40,0.00,Match
I0277,C0201,ASH55DD009,P02,76.00,84.00,8.00,1.800,DD,781780.00,2514755.00,938.00,191.00,-54.00,245.00,"Reported Intercepts",8.00,0.00,Match
I0278,C0202,ASH55DD010,P02,10.00,13.00,3.00,1.400,DD,781819.00,2514776.00,937.00,220.00,-55.00,245.00,"Reported Intercepts",3.00,0.00,Match
I0279,C0203,ASH55DD011,P02,29.00,37.50,8.50,7.100,DD,781851.00,2514726.00,939.00,244.00,-54.00,245.00,"Reported Intercepts",8.50,0.00,Match
I0280,C0203,ASH55DD011,P02,168.00,182.70,14.70,22.500,DD,781851.00,2514726.00,939.00,244.00,-54.00,245.00,"Reported Intercepts",14.70,0.00,Match
I0281,C0204,ASH55DD012,P02,36.00,39.00,3.00,2.000,DD,781804.00,2514704.00,938.00,172.00,-55.00,245.00,"Reported Intercepts",3.00,0.00,Match
I0282,C0204,ASH55DD012,P02,79.40,87.00,7.60,1.900,DD,781804.00,2514704.00,938.00,172.00,-55.00,245.00,"Reported Intercepts",7.60,0.00,Match
I0283,C0205,ASH55DD013,P02,42.00,47.00,5.00,4.500,DD,781870.00,2514676.00,937.00,230.00,-55.00,246.00,"Reported Intercepts",5.00,0.00,Match
I0284,C0205,ASH55DD013,P02,81.00,86.00,5.00,1.900,DD,781870.00,2514676.00,937.00,230.00,-55.00,246.00,"Reported Intercepts",5.00,0.00,Match
I0285,C0205,ASH55DD013,P02,180.00,183.00,3.00,1.600,DD,781870.00,2514676.00,937.00,230.00,-55.00,246.00,"Reported Intercepts",3.00,0.00,Match
I0286,C0206,ASH55DD015,P02,42.00,45.20,3.20,1.900,DD,781910.00,2514704.00,936.00,300.00,-55.00,245.00,"Reported Intercepts",3.20,0.00,Match
I0287,C0206,ASH55DD015,P02,55.00,69.00,14.00,4.700,DD,781910.00,2514704.00,936.00,300.00,-55.00,245.00,"Reported Intercepts",14.00,0.00,Match
I0288,C0206,ASH55DD015,P02,79.00,88.00,9.00,0.600,DD,781910.00,2514704.00,936.00,300.00,-55.00,245.00,"Reported Intercepts",9.00,0.00,Match
I0289,C0207,ASH55DD066,P02,12.00,22.70,10.70,4.500,DD,781860.00,2514647.00,936.00,190.00,-55.00,245.00,"Reported Intercepts",10.70,0.00,Match
I0290,C0207,ASH55DD066,P02,134.00,144.40,10.40,4.600,DD,781860.00,2514647.00,936.00,190.00,-55.00,245.00,"Reported Intercepts",10.40,0.00,Match
I0291,C0225,ASH55RC002,P02,96.00,99.00,3.00,0.800,RC,782108.00,2514138.00,937.00,130.00,-55.00,245.00,"Reported Intercepts",3.00,0.00,Match
I0292,C0226,ASH55RC003,P02,37.00,44.00,7.00,1.500,RC,782090.00,2514076.00,937.00,110.00,-55.00,242.00,"Reported Intercepts",7.00,0.00,Match
I0293,C0227,ASH55RC004,P02,77.00,83.00,6.00,0.700,RC,782135.00,2514036.00,937.00,120.00,-55.00,245.00,"Reported Intercepts",6.00,0.00,Match
I0294,C0228,ASH55RC005,P02,17.00,21.00,4.00,1.000,RC,781715.00,2514837.00,940.00,100.00,-55.00,245.00,"Reported Intercepts",4.00,0.00,Match
I0295,C0228,ASH55RC005,P02,65.00,70.00,5.00,1.100,RC,781715.00,2514837.00,940.00,100.00,-55.00,245.00,"Reported Intercepts",5.00,0.00,Match
I0296,C0229,ASH55RC006,P02,20.00,27.00,7.00,2.100,RC,781763.00,2514770.00,939.00,100.00,-55.00,245.00,"Reported Intercepts",7.00,0.00,Match
I0297,C0229,ASH55RC006,P02,66.00,69.00,3.00,3.200,RC,781763.00,2514770.00,939.00,100.00,-55.00,245.00,"Reported Intercepts",3.00,0.00,Match
I0298,C0229,ASH55RC006,P02,81.00,89.00,8.00,3.500,RC,781763.00,2514770.00,939.00,100.00,-55.00,245.00,"Reported Intercepts",8.00,0.00,Match
I0299,C0229,ASH55RC006,P02,96.00,100.00,4.00,1.200,RC,781763.00,2514770.00,939.00,100.00,-55.00,245.00,"Reported Intercepts",4.00,0.00,Match
I0300,C0230,ASH55RC008,P02,54.00,58.00,4.00,1.000,RC,781850.00,2514581.00,936.00,150.00,-55.00,245.00,"Reported Intercepts",4.00,0.00,Match
I0301,C0231,ASH55RC009,P02,3.00,7.00,4.00,1.000,RC,781965.00,2514530.00,936.00,150.00,-55.00,245.00,"Reported Intercepts",4.00,0.00,Match
I0302,C0231,ASH55RC009,P02,42.00,45.00,3.00,2.300,RC,781965.00,2514530.00,936.00,150.00,-55.00,245.00,"Reported Intercepts",3.00,0.00,Match
I0303,C0232,ASH55RC010,P02,41.00,50.00,9.00,1.200,RC,782355.00,2513560.00,937.00,150.00,-55.00,245.00,"Reported Intercepts",9.00,0.00,Match
I0304,C0232,ASH55RC010,P02,86.00,98.00,12.00,1.300,RC,782355.00,2513560.00,937.00,150.00,-55.00,245.00,"Reported Intercepts",12.00,0.00,Match
I0305,C0232,ASH55RC010,P02,101.00,111.00,10.00,0.800,RC,782355.00,2513560.00,937.00,150.00,-55.00,245.00,"Reported Intercepts",10.00,0.00,Match
I0306,C0233,ASH55RC012,P02,33.00,36.00,3.00,7.400,RC,782351.00,2513450.00,938.00,90.00,-55.00,247.00,"Reported Intercepts",3.00,0.00,Match
I0307,C0234,ASH55RC015,P02,22.00,25.00,3.00,0.800,RC,782480.00,2513178.00,939.00,140.00,-55.00,247.00,"Reported Intercepts",3.00,0.00,Match
I0308,C0234,ASH55RC015,P02,120.00,126.00,6.00,3.500,RC,782480.00,2513178.00,939.00,140.00,-55.00,247.00,"Reported Intercepts",6.00,0.00,Match
I0309,C0235,ASH55RC018,P02,82.00,86.00,4.00,0.800,RC,782797.00,2512661.00,938.00,125.00,-55.00,247.00,"Reported Intercepts",4.00,0.00,Match
I0310,C0235,ASH55RC018,P02,122.00,125.00,3.00,1.900,RC,782797.00,2512661.00,938.00,125.00,-55.00,247.00,"Reported Intercepts",3.00,0.00,Match
I0311,C0236,ASH55RC019,P02,0.00,16.00,16.00,1.800,RC,781483.00,2515040.00,937.00,50.00,-55.00,245.00,"Reported Intercepts",16.00,0.00,Match
I0312,C0237,ASH55RC020,P02,0.00,7.00,7.00,2.100,RC,781490.00,2515026.00,937.00,50.00,-55.00,245.00,"Reported Intercepts",7.00,0.00,Match
I0313,C0237,ASH55RC020,P02,18.00,24.00,6.00,2.700,RC,781490.00,2515026.00,937.00,50.00,-55.00,245.00,"Reported Intercepts",6.00,0.00,Match
I0314,C0238,ASH55RC024,P02,13.00,25.00,12.00,1.500,RC,781631.00,2514936.00,937.00,130.00,-55.00,245.00,"Reported Intercepts",12.00,0.00,Match
I0315,C0238,ASH55RC024,P02,33.00,40.00,7.00,0.800,RC,781631.00,2514936.00,937.00,130.00,-55.00,245.00,"Reported Intercepts",7.00,0.00,Match
I0316,C0238,ASH55RC024,P02,48.00,57.00,9.00,1.900,RC,781631.00,2514936.00,937.00,130.00,-55.00,245.00,"Reported Intercepts",9.00,0.00,Match
I0317,C0239,ASH55RC026,P02,30.00,33.00,3.00,1.300,RC,781671.00,2514897.00,938.00,90.00,-55.00,245.00,"Reported Intercepts",3.00,0.00,Match
I0318,C0239,ASH55RC026,P02,36.00,39.00,3.00,0.600,RC,781671.00,2514897.00,938.00,90.00,-55.00,245.00,"Reported Intercepts",3.00,0.00,Match
I0319,C0239,ASH55RC026,P02,58.00,69.00,11.00,1.100,RC,781671.00,2514897.00,938.00,90.00,-55.00,245.00,"Reported Intercepts",11.00,0.00,Match
I0320,C0239,ASH55RC026,P02,76.00,85.00,9.00,7.100,RC,781671.00,2514897.00,938.00,90.00,-55.00,245.00,"Reported Intercepts",9.00,0.00,Match
I0321,C0240,ASH55RC027,P02,14.00,17.00,3.00,1.600,RC,781648.00,2514886.00,937.00,75.00,-55.00,245.00,"Reported Intercepts",3.00,0.00,Match
I0322,C0240,ASH55RC027,P02,43.00,48.00,5.00,1.300,RC,781648.00,2514886.00,937.00,75.00,-55.00,245.00,"Reported Intercepts",5.00,0.00,Match
I0323,C0241,ASH55RC028,P02,18.00,21.00,3.00,0.700,RC,781719.00,2514918.00,937.00,125.00,-55.00,245.00,"Reported Intercepts",3.00,0.00,Match
I0324,C0241,ASH55RC028,P02,39.00,43.00,4.00,0.800,RC,781719.00,2514918.00,937.00,125.00,-55.00,245.00,"Reported Intercepts",4.00,0.00,Match
I0325,C0242,ASH55RC030,P02,63.00,72.00,9.00,2.500,RC,781715.00,2514862.00,940.00,100.00,-55.00,245.00,"Reported Intercepts",9.00,0.00,Match
I0326,C0243,ASH55RC031,P02,33.00,36.00,3.00,0.800,RC,781756.00,2514883.00,939.00,150.00,-55.00,245.00,"Reported Intercepts",3.00,0.00,Match
I0327,C0244,ASH55RC033,P02,1.00,6.00,5.00,1.000,RC,781734.00,2514783.00,939.00,50.00,-55.00,245.00,"Reported Intercepts",5.00,0.00,Match
I0328,C0245,ASH55RC037,P02,23.00,27.00,4.00,0.700,RC,781827.00,2514555.00,936.00,50.00,-55.00,245.00,"Reported Intercepts",4.00,0.00,Match
I0329,C0246,ASH55RC038,P02,99.00,103.00,4.00,2.000,RC,781936.00,2514546.00,936.00,130.00,-55.00,245.00,"Reported Intercepts",4.00,0.00,Match
I0330,C0247,ASH55RC039,P02,0.00,6.00,6.00,16.100,RC,781956.00,2514499.00,937.00,90.00,-55.00,245.00,"Reported Intercepts",6.00,0.00,Match
I0331,C0247,ASH55RC039,P02,19.00,23.00,4.00,0.800,RC,781956.00,2514499.00,937.00,90.00,-55.00,245.00,"Reported Intercepts",4.00,0.00,Match
I0332,C0248,ASH55RC040,P02,48.00,61.00,13.00,2.000,RC,781983.00,2514461.00,937.00,100.00,-55.00,245.00,"Reported Intercepts",13.00,0.00,Match
I0333,C0249,ASH55RC041,P02,13.00,17.00,4.00,1.400,RC,782024.00,2514479.00,936.00,140.00,-55.00,245.00,"Reported Intercepts",4.00,0.00,Match
I0334,C0250,ASH55RC043,P02,27.00,30.00,3.00,0.700,RC,782039.00,2514431.00,937.00,140.00,-55.00,245.00,"Reported Intercepts",3.00,0.00,Match
I0335,C0250,ASH55RC043,P02,35.00,39.00,4.00,2.100,RC,782039.00,2514431.00,937.00,140.00,-55.00,245.00,"Reported Intercepts",4.00,0.00,Match
I0336,C0251,ASH55RC044,P02,16.00,19.00,3.00,1.800,RC,782035.00,2514326.00,936.00,90.00,-55.00,245.00,"Reported Intercepts",3.00,0.00,Match
I0337,C0251,ASH55RC044,P02,59.00,64.00,5.00,2.800,RC,782035.00,2514326.00,936.00,90.00,-55.00,245.00,"Reported Intercepts",5.00,0.00,Match
I0338,C0252,ASH55RC046,P02,32.00,35.00,3.00,3.000,RC,782071.00,2514233.00,936.00,120.00,-55.00,245.00,"Reported Intercepts",3.00,0.00,Match
I0339,C0252,ASH55RC046,P02,70.00,73.00,3.00,3.000,RC,782071.00,2514233.00,936.00,120.00,-55.00,245.00,"Reported Intercepts",3.00,0.00,Match
I0340,C0253,ASH55RC047,P02,6.00,15.00,9.00,2.300,RC,782171.00,2513880.00,937.00,90.00,-55.00,245.00,"Reported Intercepts",9.00,0.00,Match
I0341,C0253,ASH55RC047,P02,52.00,61.00,9.00,1.400,RC,782171.00,2513880.00,937.00,90.00,-55.00,245.00,"Reported Intercepts",9.00,0.00,Match
I0342,C0254,ASH55RC049,P02,77.00,80.00,3.00,3.700,RC,782225.00,2513829.00,937.00,140.00,-55.00,245.00,"Reported Intercepts",3.00,0.00,Match
I0343,C0254,ASH55RC049,P02,91.00,98.00,7.00,6.500,RC,782225.00,2513829.00,937.00,140.00,-55.00,245.00,"Reported Intercepts",7.00,0.00,Match
I0344,C0254,ASH55RC049,P02,103.00,107.00,4.00,7.100,RC,782225.00,2513829.00,937.00,140.00,-55.00,245.00,"Reported Intercepts",4.00,0.00,Match
I0345,C0254,ASH55RC049,P02,115.00,118.00,3.00,2.000,RC,782225.00,2513829.00,937.00,140.00,-55.00,245.00,"Reported Intercepts",3.00,0.00,Match
I0346,C0254,ASH55RC049,P02,128.00,131.00,3.00,0.700,RC,782225.00,2513829.00,937.00,140.00,-55.00,245.00,"Reported Intercepts",3.00,0.00,Match
I0347,C0255,ASH55RC050,P02,37.00,40.00,3.00,0.800,RC,782202.00,2513754.00,937.00,140.00,-55.00,245.00,"Reported Intercepts",3.00,0.00,Match
I0348,C0256,ASH55RC054,P02,71.00,75.00,4.00,1.000,RC,782273.00,2513660.00,938.00,120.00,-55.00,245.00,"Reported Intercepts",4.00,0.00,Match
I0349,C0257,ASH55RC056,P02,4.00,20.00,16.00,3.000,RC,782302.00,2513615.00,938.00,120.00,-55.00,245.00,"Reported Intercepts",16.00,0.00,Match
I0350,C0258,ASH55RC057,P02,25.00,30.00,5.00,19.000,RC,782293.00,2513558.00,938.00,80.00,-55.00,245.00,"Reported Intercepts",5.00,0.00,Match
I0351,C0259,ASH55RC058,P02,29.00,39.00,10.00,4.000,RC,782338.00,2513579.00,937.00,150.00,-55.00,245.00,"Reported Intercepts",10.00,0.00,Match
I0352,C0259,ASH55RC058,P02,65.00,74.00,9.00,0.800,RC,782338.00,2513579.00,937.00,150.00,-55.00,245.00,"Reported Intercepts",9.00,0.00,Match
I0353,C0259,ASH55RC058,P02,80.00,84.00,4.00,12.800,RC,782338.00,2513579.00,937.00,150.00,-55.00,245.00,"Reported Intercepts",4.00,0.00,Match
I0354,C0259,ASH55RC058,P02,96.00,99.00,3.00,2.200,RC,782338.00,2513579.00,937.00,150.00,-55.00,245.00,"Reported Intercepts",3.00,0.00,Match
I0355,C0260,ASH55RC059,P02,17.00,20.00,3.00,1.100,RC,782327.00,2513520.00,938.00,130.00,-55.00,245.00,"Reported Intercepts",3.00,0.00,Match
I0356,C0260,ASH55RC059,P02,39.00,45.00,6.00,3.800,RC,782327.00,2513520.00,938.00,130.00,-55.00,245.00,"Reported Intercepts",6.00,0.00,Match
I0357,C0261,ASH55RC061,P02,56.00,59.00,3.00,0.700,RC,782365.00,2513481.00,938.00,140.00,-55.00,245.00,"Reported Intercepts",3.00,0.00,Match
I0358,C0262,ASH55RC063,P02,69.00,72.00,3.00,1.100,RC,782387.00,2513438.00,937.00,150.00,-55.00,247.00,"Reported Intercepts",3.00,0.00,Match
I0359,C0262,ASH55RC063,P02,77.00,84.00,7.00,3.100,RC,782387.00,2513438.00,937.00,150.00,-55.00,247.00,"Reported Intercepts",7.00,0.00,Match
I0360,C0262,ASH55RC063,P02,118.00,126.00,8.00,3.000,RC,782387.00,2513438.00,937.00,150.00,-55.00,247.00,"Reported Intercepts",8.00,0.00,Match
I0361,C0262,ASH55RC063,P02,131.00,137.00,6.00,0.900,RC,782387.00,2513438.00,937.00,150.00,-55.00,247.00,"Reported Intercepts",6.00,0.00,Match
I0362,C0263,ASH55RC064,P02,37.00,40.00,3.00,3.200,RC,782362.00,2513371.00,938.00,70.00,-55.00,245.00,"Reported Intercepts",3.00,0.00,Match
I0363,C0264,ASH55RC065,P02,15.00,18.00,3.00,12.200,RC,782407.00,2513392.00,937.00,150.00,-55.00,245.00,"Reported Intercepts",3.00,0.00,Match
I0364,C0264,ASH55RC065,P02,37.00,50.00,13.00,17.100,RC,782407.00,2513392.00,937.00,150.00,-55.00,245.00,"Reported Intercepts",13.00,0.00,Match
I0365,C0264,ASH55RC065,P02,61.00,64.00,3.00,4.400,RC,782407.00,2513392.00,937.00,150.00,-55.00,245.00,"Reported Intercepts",3.00,0.00,Match
I0366,C0264,ASH55RC065,P02,99.00,102.00,3.00,1.000,RC,782407.00,2513392.00,937.00,150.00,-55.00,245.00,"Reported Intercepts",3.00,0.00,Match
I0367,C0265,ASH55RC067,P02,31.00,34.00,3.00,18.800,RC,782433.00,2513242.00,938.00,100.00,-55.00,245.00,"Reported Intercepts",3.00,0.00,Match
I0368,C0266,ASH55RC070,P02,24.00,32.00,8.00,1.400,RC,782566.00,2513075.00,938.00,130.00,-55.00,247.00,"Reported Intercepts",8.00,0.00,Match
I0369,C0267,ASH55RC076,P02,5.00,21.00,16.00,1.400,RC,781464.00,2515054.00,937.00,40.00,-55.00,245.00,"Reported Intercepts",16.00,0.00,Match
I0370,C0267,ASH55RC076,P02,24.00,34.00,10.00,2.200,RC,781464.00,2515054.00,937.00,40.00,-55.00,245.00,"Reported Intercepts",10.00,0.00,Match
I0371,C0268,ASH55RC077,P02,42.00,46.00,4.00,0.800,RC,781518.00,2515008.00,937.00,70.00,-55.00,245.00,"Reported Intercepts",4.00,0.00,Match
I0372,C0269,ASH55RC079,P02,70.00,75.00,5.00,1.300,RC,781588.00,2514948.00,937.00,110.00,-55.00,245.00,"Reported Intercepts",5.00,0.00,Match
I0373,C0270,ASH55RC080,P02,35.00,39.00,4.00,2.900,RC,781724.00,2514949.00,936.00,150.00,-55.00,245.00,"Reported Intercepts",4.00,0.00,Match
I0374,C0271,ASH55RC081,P02,56.00,60.00,4.00,2.900,RC,781681.00,2514930.00,938.00,150.00,-55.00,245.00,"Reported Intercepts",4.00,0.00,Match
I0375,C0272,ASH55RC082,P02,17.00,26.00,9.00,1.000,RC,781651.00,2514917.00,937.00,150.00,-55.00,245.00,"Reported Intercepts",9.00,0.00,Match
I0376,C0272,ASH55RC082,P02,51.00,54.00,3.00,2.900,RC,781651.00,2514917.00,937.00,150.00,-55.00,245.00,"Reported Intercepts",3.00,0.00,Match
I0377,C0273,ASH55RC083,P02,3.00,17.00,14.00,4.700,RC,781611.00,2514898.00,937.00,100.00,-55.00,245.00,"Reported Intercepts",14.00,0.00,Match
I0378,C0274,ASH55RC085,P02,3.00,8.00,5.00,0.800,RC,781670.00,2514869.00,938.00,150.00,-55.00,245.00,"Reported Intercepts",5.00,0.00,Match
I0379,C0274,ASH55RC085,P02,39.00,51.00,12.00,7.800,RC,781670.00,2514869.00,938.00,150.00,-55.00,245.00,"Reported Intercepts",12.00,0.00,Match
I0380,C0275,ASH55RC087,P02,22.00,25.00,3.00,2.300,RC,781780.00,2514835.00,937.00,150.00,-55.00,245.00,"Reported Intercepts",3.00,0.00,Match
I0381,C0276,ASH55RC089,P02,74.00,77.00,3.00,4.300,RC,781788.00,2514663.00,937.00,110.00,-55.00,245.00,"Reported Intercepts",3.00,0.00,Match
I0382,C0276,ASH55RC089,P02,107.00,110.00,3.00,1.700,RC,781788.00,2514663.00,937.00,110.00,-55.00,245.00,"Reported Intercepts",3.00,0.00,Match
I0383,C0277,ASH55RC091,P02,72.00,80.00,8.00,1.500,RC,781782.00,2514640.00,937.00,100.00,-55.00,245.00,"Reported Intercepts",8.00,0.00,Match
I0384,C0278,ASH55RC093,P02,62.00,65.00,3.00,1.400,RC,782223.00,2513937.00,937.00,125.00,-55.00,245.00,"Reported Intercepts",3.00,0.00,Match
I0385,C0279,ASH55RC096,P02,22.00,25.00,3.00,0.600,RC,782180.00,2513777.00,937.00,60.00,-55.00,245.00,"Reported Intercepts",3.00,0.00,Match
I0386,C0280,ASH55RC098,P02,13.00,18.00,5.00,1.200,RC,782150.00,2513961.00,937.00,130.00,-55.00,245.00,"Reported Intercepts",5.00,0.00,Match
I0387,C0325,UR01DD296,P03,100.50,109.00,8.50,0.800,DD,267880.00,2495863.00,889.00,144.00,-55.00,270.00,"Reported Intercepts",8.50,0.00,Match
I0388,C0326,UR01DD302,P03,74.00,78.00,4.00,1.100,DD,267881.00,2495960.00,889.00,126.00,-55.00,270.00,"Reported Intercepts",4.00,0.00,Match
I0389,C0326,UR01DD302,P03,79.00,82.00,3.00,0.600,DD,267881.00,2495960.00,889.00,126.00,-55.00,270.00,"Reported Intercepts",3.00,0.00,Match
I0390,C0327,UR01DD308,P03,200.00,203.00,3.00,0.800,DD,268004.00,2495760.00,888.00,237.00,-56.00,270.00,"Reported Intercepts",3.00,0.00,Match
I0391,C0328,UR01DD311,P03,95.00,104.20,9.20,1.100,DD,267887.00,2496168.00,889.00,120.00,-55.00,270.00,"Reported Intercepts",9.20,0.00,Match
I0392,C0329,ASH60BDD002,P04,188.00,195.00,7.00,1.600,DD,797954.00,2487268.00,963.00,228.00,-56.00,272.00,"Reported Intercepts",7.00,0.00,Match
I0393,C0330,ASH60BDD003,P04,45.90,49.00,3.10,1.000,DD,797849.00,2487264.00,963.00,201.00,-56.00,271.00,"Reported Intercepts",3.10,0.00,Match
I0394,C0330,ASH60BDD003,P04,54.00,62.00,8.00,1.600,DD,797849.00,2487264.00,963.00,201.00,-56.00,271.00,"Reported Intercepts",8.00,0.00,Match
I0395,C0331,ASH60BDD007,P04,81.50,89.00,7.50,0.900,DD,797726.00,2487469.00,962.00,201.00,-55.00,267.00,"Reported Intercepts",7.50,0.00,Match
I0396,C0332,ASH60BDD008,P04,17.00,22.80,5.80,1.000,DD,797580.00,2488083.00,961.00,201.00,-55.00,272.00,"Reported Intercepts",5.80,0.00,Match
I0397,C0333,ASH60BDD027,P04,156.80,165.00,8.20,1.400,DD,798025.00,2486859.00,964.00,201.00,-55.00,269.00,"Reported Intercepts",8.20,0.00,Match
I0398,C0334,ASH60BDD028,P04,44.00,47.00,3.00,0.600,DD,797915.00,2486856.00,963.00,201.00,-56.00,269.00,"Reported Intercepts",3.00,0.00,Match
I0399,C0335,ASH60BDD030,P04,4.00,7.00,3.00,1.700,DD,797923.00,2486666.00,963.00,201.00,-55.00,268.00,"Reported Intercepts",3.00,0.00,Match
I0400,C0336,ASH61DD003,P04,64.00,71.00,7.00,1.600,DD,798236.00,2484097.00,967.00,324.00,-56.00,271.00,"Reported Intercepts",7.00,0.00,Match
I0401,C0337,ASH61DD007,P04,22.00,36.00,14.00,1.100,DD,798116.00,2483696.00,967.00,200.00,-56.00,272.00,"Reported Intercepts",14.00,0.00,Match
I0402,C0338,ASH61DD009,P04,110.00,129.00,19.00,2.000,DD,798222.00,2483699.00,967.00,213.00,-56.00,274.00,"Reported Intercepts",19.00,0.00,Match
I0403,C0339,ASH61DD010,P04,5.00,9.00,4.00,1.200,DD,798072.00,2484296.00,967.00,201.00,-55.00,269.00,"Reported Intercepts",4.00,0.00,Match
I0404,C0340,ASH61DD012,P04,165.00,172.00,7.00,1.500,DD,798336.00,2484095.00,967.00,336.00,-55.00,272.00,"Reported Intercepts",7.00,0.00,Match
I0405,C0341,ASH61DD018,P04,16.00,32.00,16.00,5.100,DD,798347.00,2484896.00,967.00,237.00,-54.00,270.00,"Reported Intercepts",16.00,0.00,Match
I0406,C0342,ASH61DD022,P04,49.20,61.00,11.90,1.100,DD,798345.00,2484695.00,967.00,216.00,-56.00,269.00,"Reported Intercepts",11.80,0.10,Review
I0407,C0343,ASH61DD025,P04,123.00,127.00,4.00,1.500,DD,798458.00,2484901.00,967.00,234.00,-55.00,271.00,"Reported Intercepts",4.00,0.00,Match
I0408,C0399,MC576,P05,200.80,205.00,4.20,1.400,DD,267860.00,2503500.00,895.00,271.00,-60.00,270.00,"Reported Intercepts",4.20,0.00,Match
I0409,C0400,MC580,P05,594.00,600.00,6.00,6.800,DD,267371.00,2503927.00,896.00,779.00,-68.00,91.00,"Reported Intercepts",6.00,0.00,Match
I0410,C0400,MC580,P05,613.50,624.00,10.50,9.500,DD,267371.00,2503927.00,896.00,779.00,-68.00,91.00,"Reported Intercepts",10.50,0.00,Match
I0411,C0400,MC580,P05,628.00,635.60,7.60,3.000,DD,267371.00,2503927.00,896.00,779.00,-68.00,91.00,"Reported Intercepts",7.60,0.00,Match
I0412,C0400,MC580,P05,744.00,748.00,4.00,1.300,DD,267371.00,2503927.00,896.00,779.00,-68.00,91.00,"Reported Intercepts",4.00,0.00,Match
I0413,C0401,MC581,P05,626.00,661.00,35.00,10.700,DD,267381.00,2504025.00,896.00,896.00,-60.00,271.00,"Reported Intercepts",35.00,0.00,Match
I0414,C0401,MC581,P05,665.00,673.00,8.00,2.600,DD,267381.00,2504025.00,896.00,896.00,-60.00,271.00,"Reported Intercepts",8.00,0.00,Match
I0415,C0401,MC581,P05,676.00,685.00,9.00,4.900,DD,267381.00,2504025.00,896.00,896.00,-60.00,271.00,"Reported Intercepts",9.00,0.00,Match
I0416,C0401,MC581,P05,707.00,718.90,11.90,3.000,DD,267381.00,2504025.00,896.00,896.00,-60.00,271.00,"Reported Intercepts",11.90,0.00,Match
I0417,C0401,MC581,P05,755.00,758.00,3.00,1.000,DD,267381.00,2504025.00,896.00,896.00,-60.00,271.00,"Reported Intercepts",3.00,0.00,Match
I0418,C0402,MC582,P05,645.00,648.00,3.00,7.600,DD,267375.00,2504119.00,896.00,835.00,-67.00,92.00,"Reported Intercepts",3.00,0.00,Match
I0419,C0402,MC582,P05,651.70,666.10,14.40,11.300,DD,267375.00,2504119.00,896.00,835.00,-67.00,92.00,"Reported Intercepts",14.40,0.00,Match
I0420,C0402,MC582,P05,672.00,678.20,6.20,4.500,DD,267375.00,2504119.00,896.00,835.00,-67.00,92.00,"Reported Intercepts",6.20,0.00,Match
I0421,C0402,MC582,P05,686.00,695.00,9.00,6.100,DD,267375.00,2504119.00,896.00,835.00,-67.00,92.00,"Reported Intercepts",9.00,0.00,Match
I0422,C0402,MC582,P05,698.00,702.80,4.80,3.300,DD,267375.00,2504119.00,896.00,835.00,-67.00,92.00,"Reported Intercepts",4.80,0.00,Match
I0423,C0402,MC582,P05,805.00,809.00,4.00,1.800,DD,267375.00,2504119.00,896.00,835.00,-67.00,92.00,"Reported Intercepts",4.00,0.00,Match
I0424,C0402,MC582,P05,825.00,830.00,5.00,1.900,DD,267375.00,2504119.00,896.00,835.00,-67.00,92.00,"Reported Intercepts",5.00,0.00,Match
I0425,C0403,MC583,P05,527.00,530.00,3.00,4.500,DD,268069.00,2504148.00,897.00,680.00,-59.00,270.00,"Reported Intercepts",3.00,0.00,Match
I0426,C0404,MC584A,P05,733.10,736.70,3.60,2.100,DD,268150.00,2504250.00,897.00,931.00,-65.00,257.00,"Reported Intercepts",3.60,0.00,Match
I0427,C0404,MC584A,P05,751.00,788.00,37.00,6.400,DD,268150.00,2504250.00,897.00,931.00,-65.00,257.00,"Reported Intercepts",37.00,0.00,Match
I0428,C0404,MC584A,P05,814.00,825.00,11.00,2.900,DD,268150.00,2504250.00,897.00,931.00,-65.00,257.00,"Reported Intercepts",11.00,0.00,Match
I0429,C0404,MC584A,P05,828.50,840.00,11.50,1.900,DD,268150.00,2504250.00,897.00,931.00,-65.00,257.00,"Reported Intercepts",11.50,0.00,Match
I0430,C0404,MC584A,P05,845.00,882.00,37.00,2.100,DD,268150.00,2504250.00,897.00,931.00,-65.00,257.00,"Reported Intercepts",37.00,0.00,Match
I0431,C0405,MC585,P05,777.00,781.00,4.00,4.200,DD,268200.00,2504323.00,897.00,897.00,-67.00,267.00,"Reported Intercepts",4.00,0.00,Match
I0432,C0405,MC585,P05,825.00,833.00,8.00,3.100,DD,268200.00,2504323.00,897.00,897.00,-67.00,267.00,"Reported Intercepts",8.00,0.00,Match
I0433,C0405,MC585,P05,844.00,847.00,3.00,2.400,DD,268200.00,2504323.00,897.00,897.00,-67.00,267.00,"Reported Intercepts",3.00,0.00,Match
I0434,C0405,MC585,P05,854.00,862.00,8.00,1.900,DD,268200.00,2504323.00,897.00,897.00,-67.00,267.00,"Reported Intercepts",8.00,0.00,Match
I0435,C0406,MC586A,P05,898.00,907.00,9.00,4.600,DD,268231.00,2504410.00,897.00,1027.00,-69.00,262.00,"Reported Intercepts",9.00,0.00,Match
I0436,C0406,MC586A,P05,972.00,983.00,11.00,2.400,DD,268231.00,2504410.00,897.00,1027.00,-69.00,262.00,"Reported Intercepts",11.00,0.00,Match
I0437,C0407,MC587,P05,767.00,770.00,3.00,1.300,DD,268243.00,2504529.00,897.00,947.00,-68.00,268.00,"Reported Intercepts",3.00,0.00,Match
I0438,C0407,MC587,P05,797.00,801.00,4.00,5.300,DD,268243.00,2504529.00,897.00,947.00,-68.00,268.00,"Reported Intercepts",4.00,0.00,Match
I0439,C0407,MC587,P05,805.00,808.00,3.00,1.800,DD,268243.00,2504529.00,897.00,947.00,-68.00,268.00,"Reported Intercepts",3.00,0.00,Match
I0440,C0407,MC587,P05,846.20,855.10,8.90,6.000,DD,268243.00,2504529.00,897.00,947.00,-68.00,268.00,"Reported Intercepts",8.90,0.00,Match
I0441,C0408,MC588A,P05,694.00,697.00,3.00,2.400,DD,268139.00,2504664.00,897.00,897.00,-76.00,263.00,"Reported Intercepts",3.00,0.00,Match
I0442,C0408,MC588A,P05,811.00,816.00,5.00,28.400,DD,268139.00,2504664.00,897.00,897.00,-76.00,263.00,"Reported Intercepts",5.00,0.00,Match
I0443,C0408,MC588A,P05,853.00,858.00,5.00,1.900,DD,268139.00,2504664.00,897.00,897.00,-76.00,263.00,"Reported Intercepts",5.00,0.00,Match
I0444,C0408,MC588A,P05,862.00,879.00,17.00,1.600,DD,268139.00,2504664.00,897.00,897.00,-76.00,263.00,"Reported Intercepts",17.00,0.00,Match
I0445,C0408,MC588A,P05,883.00,896.50,13.50,1.500,DD,268139.00,2504664.00,897.00,897.00,-76.00,263.00,"Reported Intercepts",13.50,0.00,Match
I0446,C0409,MC590,P05,819.00,823.40,4.40,2.600,DD,268261.00,2504900.00,897.00,868.00,-71.00,256.00,"Reported Intercepts",4.40,0.00,Match
I0447,C0409,MC590,P05,833.00,836.00,3.00,1.700,DD,268261.00,2504900.00,897.00,868.00,-71.00,256.00,"Reported Intercepts",3.00,0.00,Match
I0448,C0410,MC591,P05,501.00,504.00,3.00,1.500,DD,268150.00,2504983.00,897.00,676.00,-69.00,265.00,"Reported Intercepts",3.00,0.00,Match
I0449,C0410,MC591,P05,551.20,554.50,3.30,13.900,DD,268150.00,2504983.00,897.00,676.00,-69.00,265.00,"Reported Intercepts",3.30,0.00,Match
I0450,C0410,MC591,P05,588.00,592.00,4.00,1.300,DD,268150.00,2504983.00,897.00,676.00,-69.00,265.00,"Reported Intercepts",4.00,0.00,Match
I0451,C0411,MC592,P05,636.00,641.00,5.00,1.700,DD,268134.00,2505085.00,897.00,687.00,-69.00,265.00,"Reported Intercepts",5.00,0.00,Match
I0452,C0412,MC593,P05,548.00,551.00,3.00,1.500,DD,268151.00,2505195.00,897.00,612.00,-70.00,267.00,"Reported Intercepts",3.00,0.00,Match
I0453,C0413,MC594,P05,326.00,329.00,3.00,2.100,DD,267945.00,2505297.00,897.00,336.00,-64.00,268.00,"Reported Intercepts",3.00,0.00,Match
I0454,C0414,MC595,P05,159.00,163.00,4.00,2.100,DD,267800.00,2505399.00,898.00,215.00,-64.00,268.00,"Reported Intercepts",4.00,0.00,Match
I0455,C0415,MC597,P05,347.00,350.90,3.90,1.200,DD,267932.00,2503492.00,896.00,431.00,-60.00,272.00,"Reported Intercepts",3.90,0.00,Match
I0456,C0416,MC598,P05,307.00,310.00,3.00,5.100,DD,267939.00,2503591.00,896.00,397.00,-58.00,270.00,"Reported Intercepts",3.00,0.00,Match
I0457,C0417,MC602,P05,804.00,834.00,30.00,2.300,DD,267379.00,2504050.00,896.00,1083.00,-76.00,92.00,"Reported Intercepts",30.00,0.00,Match
I0458,C0417,MC602,P05,839.90,843.00,3.10,1.800,DD,267379.00,2504050.00,896.00,1083.00,-76.00,92.00,"Reported Intercepts",3.10,0.00,Match
I0459,C0417,MC602,P05,889.00,902.00,13.00,2.400,DD,267379.00,2504050.00,896.00,1083.00,-76.00,92.00,"Reported Intercepts",13.00,0.00,Match
I0460,C0417,MC602,P05,1031.00,1034.00,3.00,1.400,DD,267379.00,2504050.00,896.00,1083.00,-76.00,92.00,"Reported Intercepts",3.00,0.00,Match
I0461,C0418,MC604A,P05,800.40,804.20,3.80,1.200,DD,268201.00,2504169.00,898.00,932.00,-67.00,266.00,"Reported Intercepts",3.80,0.00,Match
I0462,C0418,MC604A,P05,806.10,811.00,4.90,1.500,DD,268201.00,2504169.00,898.00,932.00,-67.00,266.00,"Reported Intercepts",4.90,0.00,Match
I0463,C0418,MC604A,P05,831.60,876.20,44.60,4.100,DD,268201.00,2504169.00,898.00,932.00,-67.00,266.00,"Reported Intercepts",44.60,0.00,Match
I0464,C0419,MC606,P05,958.00,961.10,3.10,1.600,DD,268301.00,2504350.00,898.00,1091.00,-71.00,266.00,"Reported Intercepts",3.10,0.00,Match
I0465,C0419,MC606,P05,1012.20,1033.00,20.80,1.800,DD,268301.00,2504350.00,898.00,1091.00,-71.00,266.00,"Reported Intercepts",20.80,0.00,Match
I0466,C0420,MC607,P05,1114.00,1121.00,7.00,1.500,DD,268320.00,2504430.00,897.00,1177.00,-72.00,265.00,"Reported Intercepts",7.00,0.00,Match
I0467,C0420,MC607,P05,1156.00,1159.00,3.00,1.800,DD,268320.00,2504430.00,897.00,1177.00,-72.00,265.00,"Reported Intercepts",3.00,0.00,Match
I0468,C0420,MC607,P05,1161.00,1164.00,3.00,1.400,DD,268320.00,2504430.00,897.00,1177.00,-72.00,265.00,"Reported Intercepts",3.00,0.00,Match
I0469,C0421,MC608,P05,1007.60,1014.00,6.40,12.400,DD,268315.00,2504540.00,897.00,1074.00,-72.00,265.00,"Reported Intercepts",6.40,0.00,Match
I0470,C0421,MC608,P05,1020.00,1026.00,6.00,3.500,DD,268315.00,2504540.00,897.00,1074.00,-72.00,265.00,"Reported Intercepts",6.00,0.00,Match
I0471,C0422,MC613,P05,656.00,661.00,5.00,12.600,DD,268160.00,2505059.00,897.00,714.00,-74.00,272.00,"Reported Intercepts",5.00,0.00,Match
I0472,C0431,MSC613,P06,346.70,356.00,9.30,4.300,DD,264057.00,2512435.00,912.00,501.00,-66.00,269.00,"Reported Intercepts",9.30,0.00,Match
I0473,C0431,MSC613,P06,361.80,372.30,10.60,4.500,DD,264057.00,2512435.00,912.00,501.00,-66.00,269.00,"Reported Intercepts",10.50,0.10,Review
I0474,C0432,MSC614,P06,406.00,409.00,3.00,1.100,DD,264120.00,2512515.00,913.00,602.00,-67.00,270.00,"Reported Intercepts",3.00,0.00,Match
I0475,C0432,MSC614,P06,443.40,449.10,5.70,2.000,DD,264120.00,2512515.00,913.00,602.00,-67.00,270.00,"Reported Intercepts",5.70,0.00,Match
I0476,C0432,MSC614,P06,452.00,464.00,12.00,2.300,DD,264120.00,2512515.00,913.00,602.00,-67.00,270.00,"Reported Intercepts",12.00,0.00,Match
I0477,C0433,MSC615,P06,395.00,401.00,6.00,2.100,DD,264157.00,2512625.00,913.00,600.00,-64.00,272.00,"Reported Intercepts",6.00,0.00,Match
I0478,C0433,MSC615,P06,415.10,419.00,3.90,1.900,DD,264157.00,2512625.00,913.00,600.00,-64.00,272.00,"Reported Intercepts",3.90,0.00,Match
I0479,C0433,MSC615,P06,423.00,426.00,3.00,1.300,DD,264157.00,2512625.00,913.00,600.00,-64.00,272.00,"Reported Intercepts",3.00,0.00,Match
I0480,C0433,MSC615,P06,427.50,433.00,5.60,3.000,DD,264157.00,2512625.00,913.00,600.00,-64.00,272.00,"Reported Intercepts",5.50,0.10,Review
I0481,C0433,MSC615,P06,436.00,442.00,6.00,4.100,DD,264157.00,2512625.00,913.00,600.00,-64.00,272.00,"Reported Intercepts",6.00,0.00,Match
I0482,C0434,MSC616,P06,378.40,384.00,5.60,11.300,DD,264153.00,2512720.00,914.00,546.00,-63.00,272.00,"Reported Intercepts",5.60,0.00,Match
I0483,C0434,MSC616,P06,387.00,392.00,5.00,1.500,DD,264153.00,2512720.00,914.00,546.00,-63.00,272.00,"Reported Intercepts",5.00,0.00,Match
I0484,C0434,MSC616,P06,397.00,402.00,5.00,1.200,DD,264153.00,2512720.00,914.00,546.00,-63.00,272.00,"Reported Intercepts",5.00,0.00,Match
I0485,C0434,MSC616,P06,493.00,500.70,7.70,5.900,DD,264153.00,2512720.00,914.00,546.00,-63.00,272.00,"Reported Intercepts",7.70,0.00,Match
I0486,C0435,MSC617,P06,378.30,390.00,11.70,3.900,DD,264189.00,2512925.00,915.00,537.00,-66.00,271.00,"Reported Intercepts",11.70,0.00,Match
I0487,C0435,MSC617,P06,423.00,426.10,3.10,6.500,DD,264189.00,2512925.00,915.00,537.00,-66.00,271.00,"Reported Intercepts",3.10,0.00,Match
I0488,C0436,MSC618,P06,375.90,379.00,3.10,2.500,DD,264198.00,2512820.00,914.00,545.00,-68.00,273.00,"Reported Intercepts",3.10,0.00,Match
I0489,C0436,MSC618,P06,404.00,407.00,3.00,1.300,DD,264198.00,2512820.00,914.00,545.00,-68.00,273.00,"Reported Intercepts",3.00,0.00,Match
I0490,C0436,MSC618,P06,410.00,418.20,8.20,4.500,DD,264198.00,2512820.00,914.00,545.00,-68.00,273.00,"Reported Intercepts",8.20,0.00,Match
I0491,C0436,MSC618,P06,452.00,455.00,3.00,11.400,DD,264198.00,2512820.00,914.00,545.00,-68.00,273.00,"Reported Intercepts",3.00,0.00,Match
I0492,C0437,MSC623,P06,419.50,428.70,9.20,4.400,DD,264205.00,2513230.00,917.00,519.00,-67.00,266.00,"Reported Intercepts",9.20,0.00,Match
I0493,C0438,MSC627,P06,212.00,215.80,3.80,4.300,DD,263974.00,2513845.00,920.00,400.00,-64.00,268.00,"Reported Intercepts",3.80,0.00,Match
I0494,C0438,MSC627,P06,227.20,231.00,3.80,2.300,DD,263974.00,2513845.00,920.00,400.00,-64.00,268.00,"Reported Intercepts",3.80,0.00,Match
I0495,C0438,MSC627,P06,318.00,321.00,3.00,6.400,DD,263974.00,2513845.00,920.00,400.00,-64.00,268.00,"Reported Intercepts",3.00,0.00,Match
I0496,C0438,MSC627,P06,323.00,326.80,3.80,2.100,DD,263974.00,2513845.00,920.00,400.00,-64.00,268.00,"Reported Intercepts",3.80,0.00,Match
I0497,C0438,MSC627,P06,334.70,342.30,7.60,3.100,DD,263974.00,2513845.00,920.00,400.00,-64.00,268.00,"Reported Intercepts",7.60,0.00,Match
I0498,C0438,MSC627,P06,353.00,356.00,3.00,5.200,DD,263974.00,2513845.00,920.00,400.00,-64.00,268.00,"Reported Intercepts",3.00,0.00,Match
I0499,C0439,MSC628,P06,187.90,194.50,6.60,2.800,DD,263899.00,2513936.00,920.00,339.00,-63.00,268.00,"Reported Intercepts",6.60,0.00,Match
I0500,C0439,MSC628,P06,234.00,237.00,3.00,4.200,DD,263899.00,2513936.00,920.00,339.00,-63.00,268.00,"Reported Intercepts",3.00,0.00,Match
I0501,C0439,MSC628,P06,304.70,312.40,7.70,7.600,DD,263899.00,2513936.00,920.00,339.00,-63.00,268.00,"Reported Intercepts",7.70,0.00,Match
I0502,C0452,UR01DD243,P03,418.00,421.00,3.00,4.900,DD,268115.00,2498119.00,890.00,450.00,-71.00,255.00,"Reported Intercepts",3.00,0.00,Match
I0503,C0453,UR01DD244,P03,254.00,257.00,3.00,4.200,DD,268126.00,2498325.00,891.00,495.00,-70.00,254.00,"Reported Intercepts",3.00,0.00,Match
I0504,C0453,UR01DD244,P03,351.00,363.00,12.00,3.200,DD,268126.00,2498325.00,891.00,495.00,-70.00,254.00,"Reported Intercepts",12.00,0.00,Match
I0505,C0453,UR01DD244,P03,402.40,422.70,20.40,1.700,DD,268126.00,2498325.00,891.00,495.00,-70.00,254.00,"Reported Intercepts",20.30,0.10,Review
I0506,C0453,UR01DD244,P03,424.10,428.50,4.40,2.100,DD,268126.00,2498325.00,891.00,495.00,-70.00,254.00,"Reported Intercepts",4.40,0.00,Match
I0507,C0454,UR01DD245,P03,446.00,450.00,4.00,4.900,DD,268056.00,2498924.00,891.00,483.00,-71.00,254.00,"Reported Intercepts",4.00,0.00,Match
I0508,C0455,UR01DD246,P03,395.10,400.60,5.60,3.300,DD,268144.00,2498431.00,890.00,522.00,-73.00,251.00,"Reported Intercepts",5.50,0.10,Review
I0509,C0455,UR01DD246,P03,411.60,466.70,55.10,1.900,DD,268144.00,2498431.00,890.00,522.00,-73.00,251.00,"Reported Intercepts",55.10,0.00,Match
I0510,C0455,UR01DD246,P03,468.30,495.00,26.70,4.100,DD,268144.00,2498431.00,890.00,522.00,-73.00,251.00,"Reported Intercepts",26.70,0.00,Match
I0511,C0456,UR01DD247,P03,528.90,533.20,4.30,3.100,DD,268297.00,2498327.00,889.00,590.00,-63.00,259.00,"Reported Intercepts",4.30,0.00,Match
I0512,C0457,UR01DD249A,P03,619.20,626.00,6.80,4.600,DD,268386.00,2498134.00,889.00,637.00,-64.00,258.00,"Reported Intercepts",6.80,0.00,Match
I0513,C0458,UR01DD250,P03,754.00,761.00,7.00,1.900,DD,268492.00,2498146.00,889.00,780.00,-66.00,255.00,"Reported Intercepts",7.00,0.00,Match
I0514,C0459,UR01DD251,P03,459.00,469.60,10.60,2.900,DD,268172.00,2498226.00,890.00,495.00,-71.00,253.00,"Reported Intercepts",10.60,0.00,Match
I0515,C0460,UR01DD252,P03,571.00,581.00,10.00,5.600,DD,268319.00,2498245.00,889.00,602.00,-64.00,258.00,"Reported Intercepts",10.00,0.00,Match
I0516,C0461,UR01DD253,P03,687.70,693.60,5.90,2.000,DD,268441.00,2498245.00,889.00,704.00,-65.00,256.00,"Reported Intercepts",5.90,0.00,Match
I0517,C0462,UR01DD255,P03,545.00,548.60,3.60,2.000,DD,268342.00,2498030.00,889.00,595.00,-63.00,258.00,"Reported Intercepts",3.60,0.00,Match
I0518,C0462,UR01DD255,P03,580.20,583.30,3.10,1.800,DD,268342.00,2498030.00,889.00,595.00,-63.00,258.00,"Reported Intercepts",3.10,0.00,Match
I0519,C0463,UR01DD256,P03,630.00,638.00,8.00,1.300,DD,268451.00,2498041.00,889.00,701.00,-64.00,256.00,"Reported Intercepts",8.00,0.00,Match
I0520,C0463,UR01DD256,P03,641.00,645.70,4.70,2.100,DD,268451.00,2498041.00,889.00,701.00,-64.00,256.00,"Reported Intercepts",4.70,0.00,Match
I0521,C0463,UR01DD256,P03,651.00,656.40,5.40,2.000,DD,268451.00,2498041.00,889.00,701.00,-64.00,256.00,"Reported Intercepts",5.40,0.00,Match
I0522,C0463,UR01DD256,P03,663.00,668.50,5.50,1.500,DD,268451.00,2498041.00,889.00,701.00,-64.00,256.00,"Reported Intercepts",5.50,0.00,Match
I0523,C0463,UR01DD256,P03,671.00,674.00,3.00,1.500,DD,268451.00,2498041.00,889.00,701.00,-64.00,256.00,"Reported Intercepts",3.00,0.00,Match
I0524,C0463,UR01DD256,P03,677.00,680.80,3.80,1.800,DD,268451.00,2498041.00,889.00,701.00,-64.00,256.00,"Reported Intercepts",3.80,0.00,Match
I0525,C0464,UR01DD257,P03,595.00,610.00,15.00,4.200,DD,268324.00,2498431.00,890.00,629.00,-64.00,258.00,"Reported Intercepts",15.00,0.00,Match
I0526,C0465,UR01DD262,P03,445.00,449.00,4.00,2.000,DD,268079.00,2498826.00,891.00,491.00,-71.00,253.00,"Reported Intercepts",4.00,0.00,Match
I0527,C0466,UR01DD263,P03,596.00,601.00,5.00,2.300,DD,268300.00,2498733.00,890.00,634.00,-65.00,257.00,"Reported Intercepts",5.00,0.00,Match
I0528,C0466,UR01DD263,P03,611.00,614.00,3.00,1.700,DD,268300.00,2498733.00,890.00,634.00,-65.00,257.00,"Reported Intercepts",3.00,0.00,Match
I0529,C0467,UR01DD278,P03,341.00,344.50,3.50,2.600,DD,268304.00,2498630.00,890.00,650.50,-65.00,258.00,"Reported Intercepts",3.50,0.00,Match
I0530,C0467,UR01DD278,P03,508.00,515.00,7.00,2.900,DD,268304.00,2498630.00,890.00,650.50,-65.00,258.00,"Reported Intercepts",7.00,0.00,Match
I0531,C0467,UR01DD278,P03,560.20,573.00,12.80,4.500,DD,268304.00,2498630.00,890.00,650.50,-65.00,258.00,"Reported Intercepts",12.80,0.00,Match
I0532,C0467,UR01DD278,P03,621.60,625.50,3.90,5.000,DD,268304.00,2498630.00,890.00,650.50,-65.00,258.00,"Reported Intercepts",3.90,0.00,Match
I0533,C0468,UR01DD280,P03,446.10,451.20,5.10,2.700,DD,268258.00,2497706.00,889.00,491.00,-63.00,261.00,"Reported Intercepts",5.10,0.00,Match
I0534,C0469,UR01DD281,P03,521.00,529.00,8.00,1.900,DD,268342.00,2497719.00,889.00,581.00,-64.00,259.00,"Reported Intercepts",8.00,0.00,Match
I0535,C0470,UR01DD283,P03,516.00,519.00,3.00,6.700,DD,268315.00,2497807.00,889.00,556.00,-63.00,259.00,"Reported Intercepts",3.00,0.00,Match
I0536,C0471,UR01DD285,P03,454.00,457.50,3.50,2.500,DD,268344.00,2497919.00,889.00,600.00,-64.00,258.00,"Reported Intercepts",3.50,0.00,Match
I0537,C0471,UR01DD285,P03,584.00,588.00,4.00,1.200,DD,268344.00,2497919.00,889.00,600.00,-64.00,258.00,"Reported Intercepts",4.00,0.00,Match
I0538,C0472,UR01DD320,P03,858.00,864.30,6.30,3.800,DD,268432.00,2498709.00,889.00,884.00,-67.00,253.00,"Reported Intercepts",6.30,0.00,Match
I0539,C0473,UR01DD321,P03,920.00,923.00,3.00,1.600,DD,268587.00,2498263.00,889.00,1001.00,-73.00,250.00,"Reported Intercepts",3.00,0.00,Match
I0540,C0474,UR01DD324,P03,561.60,566.00,4.40,6.900,DD,268600.00,2498086.00,889.00,955.00,-71.00,250.00,"Reported Intercepts",4.40,0.00,Match
I0541,C0474,UR01DD324,P03,925.00,928.10,3.10,2.300,DD,268600.00,2498086.00,889.00,955.00,-71.00,250.00,"Reported Intercepts",3.10,0.00,Match
I0542,C0475,UR01DD325,P03,677.00,681.00,4.00,1.800,DD,268445.00,2497826.00,889.00,711.00,-67.00,255.00,"Reported Intercepts",4.00,0.00,Match
I0543,C0476,UR01DD326,P03,787.00,799.00,12.00,4.100,DD,268535.00,2497965.00,889.00,837.00,-68.00,253.00,"Reported Intercepts",12.00,0.00,Match
I0544,C0503,UR20DD238,P01,361.00,371.70,10.70,2.000,DD,272948.00,2463005.00,895.00,426.00,-64.00,267.00,"Reported Intercepts",10.70,0.00,Match
I0545,C0504,UR20DD239,P01,404.80,420.30,15.50,5.100,DD,272999.00,2462908.00,896.00,516.00,-65.00,266.00,"Reported Intercepts",15.50,0.00,Match
I0546,C0504,UR20DD239,P01,429.10,436.60,7.50,2.300,DD,272999.00,2462908.00,896.00,516.00,-65.00,266.00,"Reported Intercepts",7.50,0.00,Match
I0547,C0504,UR20DD239,P01,442.00,448.50,6.50,1.500,DD,272999.00,2462908.00,896.00,516.00,-65.00,266.00,"Reported Intercepts",6.50,0.00,Match
I0548,C0505,UR20DD241,P01,353.70,358.20,4.50,4.400,DD,272945.00,2462606.00,896.00,426.00,-64.00,265.00,"Reported Intercepts",4.50,0.00,Match
I0549,C0506,UR20DD244A,P01,344.70,351.00,6.30,3.700,DD,272997.00,2462406.00,896.00,393.00,-65.00,268.00,"Reported Intercepts",6.30,0.00,Match
I0550,C0507,UR20DD246,P01,424.00,427.60,3.60,2.300,DD,273001.00,2463109.00,895.00,501.00,-65.00,263.00,"Reported Intercepts",3.60,0.00,Match
I0551,C0508,UR21DD262,P01,404.00,412.90,8.90,2.200,DD,273013.00,2462811.00,895.00,551.00,-65.00,266.00,"Reported Intercepts",8.90,0.00,Match
I0552,C0508,UR21DD262,P01,425.90,429.00,3.10,4.200,DD,273013.00,2462811.00,895.00,551.00,-65.00,266.00,"Reported Intercepts",3.10,0.00,Match
I0553,C0509,UR21DD263,P01,309.00,324.10,15.10,1.700,DD,273403.00,2460654.00,897.00,399.00,-64.00,264.00,"Reported Intercepts",15.10,0.00,Match
I0554,C0509,UR21DD263,P01,328.00,335.90,7.90,2.400,DD,273403.00,2460654.00,897.00,399.00,-64.00,264.00,"Reported Intercepts",7.90,0.00,Match
I0555,C0510,UR21DD264,P01,333.00,337.00,4.00,2.000,DD,273441.00,2460504.00,896.00,385.00,-65.00,263.00,"Reported Intercepts",4.00,0.00,Match
I0556,C0511,UR21DD268,P01,506.80,511.90,5.00,2.600,DD,273096.00,2462711.00,895.00,585.00,-69.00,261.00,"Reported Intercepts",5.10,-0.10,Review
I0557,C0511,UR21DD268,P01,515.00,524.00,9.00,2.700,DD,273096.00,2462711.00,895.00,585.00,-69.00,261.00,"Reported Intercepts",9.00,0.00,Match
I0558,C0511,UR21DD268,P01,526.00,533.00,7.00,1.400,DD,273096.00,2462711.00,895.00,585.00,-69.00,261.00,"Reported Intercepts",7.00,0.00,Match
I0559,C0512,UR21DD269,P01,606.30,619.00,12.70,1.900,DD,273201.00,2462718.00,895.00,690.00,-67.00,263.00,"Reported Intercepts",12.70,0.00,Match
I0560,C0513,UR21DD270,P01,452.90,456.00,3.10,4.000,DD,273037.00,2462609.00,896.00,532.00,-66.00,263.00,"Reported Intercepts",3.10,0.00,Match
I0561,C0513,UR21DD270,P01,462.00,469.00,7.00,2.100,DD,273037.00,2462609.00,896.00,532.00,-66.00,263.00,"Reported Intercepts",7.00,0.00,Match
I0562,C0514,UR21DD271,P01,534.00,541.00,7.00,2.500,DD,273149.00,2462615.00,895.00,630.00,-62.00,265.00,"Reported Intercepts",7.00,0.00,Match
I0563,C0514,UR21DD271,P01,548.00,556.00,8.00,2.600,DD,273149.00,2462615.00,895.00,630.00,-62.00,265.00,"Reported Intercepts",8.00,0.00,Match
I0564,C0515,UR21DD272,P01,654.50,663.20,8.70,3.200,DD,273259.00,2462620.00,896.00,744.00,-69.00,267.00,"Reported Intercepts",8.70,0.00,Match
I0565,C0515,UR21DD272,P01,666.00,677.00,11.00,2.300,DD,273259.00,2462620.00,896.00,744.00,-69.00,267.00,"Reported Intercepts",11.00,0.00,Match
I0566,C0516,UR21DD273,P01,529.00,534.20,5.20,1.800,DD,273161.00,2462815.00,895.00,672.00,-69.00,263.00,"Reported Intercepts",5.20,0.00,Match
I0567,C0516,UR21DD273,P01,536.80,550.00,13.20,1.700,DD,273161.00,2462815.00,895.00,672.00,-69.00,263.00,"Reported Intercepts",13.20,0.00,Match
I0568,C0516,UR21DD273,P01,566.00,571.00,5.00,2.900,DD,273161.00,2462815.00,895.00,672.00,-69.00,263.00,"Reported Intercepts",5.00,0.00,Match
I0569,C0517,UR21DD274A,P01,569.50,573.00,3.60,1.700,DD,273183.00,2462518.00,896.00,657.00,-66.00,264.00,"Reported Intercepts",3.50,0.10,Review
I0570,C0518,UR21DD275,P01,682.00,687.00,5.00,1.700,DD,273294.00,2462520.00,896.00,765.00,-71.00,268.00,"Reported Intercepts",5.00,0.00,Match
I0571,C0519,UR21DD277,P01,348.60,355.00,6.40,2.200,DD,273028.00,2462306.00,896.00,411.00,-65.00,269.00,"Reported Intercepts",6.40,0.00,Match
I0572,C0520,UR21DD278,P01,453.30,456.50,3.20,1.200,DD,273140.00,2462310.00,896.00,557.00,-63.00,263.00,"Reported Intercepts",3.20,0.00,Match
I0573,C0521,UR21DD280,P01,536.00,543.00,7.00,1.500,DD,273115.00,2462913.00,895.00,650.00,-68.00,263.00,"Reported Intercepts",7.00,0.00,Match
I0574,C0521,UR21DD280,P01,553.00,558.00,5.00,1.600,DD,273115.00,2462913.00,895.00,650.00,-68.00,263.00,"Reported Intercepts",5.00,0.00,Match
I0575,C0521,UR21DD280,P01,566.00,569.00,3.00,3.300,DD,273115.00,2462913.00,895.00,650.00,-68.00,263.00,"Reported Intercepts",3.00,0.00,Match
I0576,C0522,UR21DD281,P01,375.80,379.00,3.30,1.900,DD,273099.00,2462207.00,896.00,489.00,-65.00,262.00,"Reported Intercepts",3.20,0.10,Review
I0577,C0522,UR21DD281,P01,382.00,387.00,5.00,1.500,DD,273099.00,2462207.00,896.00,489.00,-65.00,262.00,"Reported Intercepts",5.00,0.00,Match
I0578,C0523,UR21DD282,P01,464.00,469.00,5.00,1.300,DD,273212.00,2462213.00,896.00,605.00,-67.00,261.00,"Reported Intercepts",5.00,0.00,Match
I0579,C0523,UR21DD282,P01,471.18,476.00,4.80,2.400,DD,273212.00,2462213.00,896.00,605.00,-67.00,261.00,"Reported Intercepts",4.82,-0.02,Review
I0580,C0523,UR21DD282,P01,483.00,489.00,6.00,1.300,DD,273212.00,2462213.00,896.00,605.00,-67.00,261.00,"Reported Intercepts",6.00,0.00,Match
I0581,C0524,UR21DD283,P01,468.07,477.00,8.90,2.200,DD,273044.00,2463009.00,895.00,542.00,-68.00,265.00,"Reported Intercepts",8.93,-0.03,Review
I0582,C0524,UR21DD283,P01,480.00,486.00,6.00,1.800,DD,273044.00,2463009.00,895.00,542.00,-68.00,265.00,"Reported Intercepts",6.00,0.00,Match
I0583,C0525,UR21DD284,P01,386.21,391.00,4.80,1.900,DD,273472.00,2460709.00,896.00,469.00,-65.00,264.00,"Reported Intercepts",4.79,0.01,Match
I0584,C0526,UR21DD286,P01,372.00,379.10,7.10,2.200,DD,273437.00,2460807.00,897.00,462.00,-66.00,263.00,"Reported Intercepts",7.10,0.00,Match
I0585,C0527,UR21DD287,P01,252.00,270.00,18.00,2.000,DD,273323.00,2460803.00,896.00,338.00,-64.00,265.00,"Reported Intercepts",18.00,0.00,Match
I0586,C0528,UR21DD288,P01,449.00,454.00,5.00,2.400,DD,273516.00,2460606.00,896.00,491.00,-67.00,264.00,"Reported Intercepts",5.00,0.00,Match
I0587,C0529,UR21DD293,P01,339.50,343.00,3.50,2.600,DD,273351.00,2461092.00,896.00,381.00,-64.00,268.00,"Reported Intercepts",3.50,0.00,Match
I0588,C0530,UR21DD294A,P01,319.34,322.90,3.50,2.700,DD,273442.00,2461095.00,896.00,488.00,-67.00,266.00,"Reported Intercepts",3.56,-0.06,Review
I0589,C0530,UR21DD294A,P01,389.00,393.70,4.70,1.500,DD,273442.00,2461095.00,896.00,488.00,-67.00,266.00,"Reported Intercepts",4.70,0.00,Match
I0590,C0530,UR21DD294A,P01,455.00,461.00,6.00,1.800,DD,273442.00,2461095.00,896.00,488.00,-67.00,266.00,"Reported Intercepts",6.00,0.00,Match
I0591,C0531,UR21DD295,P01,267.00,270.30,3.30,1.300,DD,273393.00,2461189.00,897.00,494.00,-67.00,265.00,"Reported Intercepts",3.30,0.00,Match
I0592,C0531,UR21DD295,P01,271.57,278.00,6.40,4.100,DD,273393.00,2461189.00,897.00,494.00,-67.00,265.00,"Reported Intercepts",6.43,-0.03,Review
I0593,C0532,UR21DD296,P01,357.84,362.60,4.80,9.000,DD,273290.00,2461190.00,897.00,387.00,-67.00,265.00,"Reported Intercepts",4.76,0.04,Review
I0594,C0533,UR21DD297,P01,231.00,238.00,7.00,1.900,DD,273191.00,2461186.00,897.00,308.00,-63.00,271.00,"Reported Intercepts",7.00,0.00,Match
I0595,C0534,UR21DD301,P01,536.95,547.00,10.10,2.200,DD,273112.00,2463112.00,895.00,639.00,-67.00,260.00,"Reported Intercepts",10.05,0.05,Review
I0596,C0535,UR21DD302,P01,419.00,423.90,4.90,2.700,DD,273045.00,2463212.00,895.00,560.00,-67.00,265.00,"Reported Intercepts",4.90,0.00,Match
I0597,C0535,UR21DD302,P01,529.00,534.00,5.00,3.000,DD,273045.00,2463212.00,895.00,560.00,-67.00,265.00,"Reported Intercepts",5.00,0.00,Match
I0598,C0536,UR21DD303,P01,625.00,632.00,7.00,2.100,DD,273153.00,2463218.00,895.00,730.00,-68.00,265.00,"Reported Intercepts",7.00,0.00,Match
I0599,C0536,UR21DD303,P01,652.23,658.70,6.50,2.400,DD,273153.00,2463218.00,895.00,730.00,-68.00,265.00,"Reported Intercepts",6.47,0.03,Review
I0600,C0537,UR21DD304,P01,344.00,347.00,3.00,1.600,DD,273408.00,2460991.00,896.00,442.00,-65.00,268.00,"Reported Intercepts",3.00,0.00,Match
I0601,C0537,UR21DD304,P01,385.00,388.60,3.60,3.700,DD,273408.00,2460991.00,896.00,442.00,-65.00,268.00,"Reported Intercepts",3.60,0.00,Match
I0602,C0537,UR21DD304,P01,408.15,414.20,6.00,2.900,DD,273408.00,2460991.00,896.00,442.00,-65.00,268.00,"Reported Intercepts",6.05,-0.05,Review
I0603,C0538,UR21DD376A,P01,666.01,672.00,6.00,2.400,DD,273258.00,2463007.00,895.00,768.00,-67.00,270.00,"Reported Intercepts",5.99,0.01,Match
I0604,C0538,UR21DD376A,P01,675.83,688.00,12.20,2.200,DD,273258.00,2463007.00,895.00,768.00,-67.00,270.00,"Reported Intercepts",12.17,0.03,Review
I0605,C0538,UR21DD376A,P01,691.00,695.10,4.10,2.300,DD,273258.00,2463007.00,895.00,768.00,-67.00,270.00,"Reported Intercepts",4.10,0.00,Match
I0606,C0539,UR21DD377,P01,741.00,754.00,13.00,1.600,DD,273315.00,2462908.00,895.00,810.00,-69.00,267.00,"Reported Intercepts",13.00,0.00,Match
I0607,C0539,UR21DD377,P01,761.80,766.00,4.20,1.300,DD,273315.00,2462908.00,895.00,810.00,-69.00,267.00,"Reported Intercepts",4.20,0.00,Match
I0608,C0540,UR21DD378,P01,713.30,718.70,5.40,1.400,DD,273300.00,2462798.00,895.00,777.00,-69.00,266.00,"Reported Intercepts",5.40,0.00,Match
I0609,C0540,UR21DD378,P01,722.50,729.20,6.70,1.900,DD,273300.00,2462798.00,895.00,777.00,-69.00,266.00,"Reported Intercepts",6.70,0.00,Match
I0610,C0541,UR21DD384,P01,876.00,889.00,13.00,2.200,DD,273438.00,2462907.00,895.00,928.00,-71.00,267.00,"Reported Intercepts",13.00,0.00,Match
I0611,C0542,UR21DD385,P01,448.50,454.00,5.50,2.400,DD,273507.00,2460894.00,896.00,506.00,-62.00,268.00,"Reported Intercepts",5.50,0.00,Match
I0612,C0543,UR21DD386,P01,545.60,552.00,6.40,3.200,DD,273614.00,2460808.00,896.00,611.00,-63.00,266.00,"Reported Intercepts",6.40,0.00,Match
I0613,C0544,UR21DD388,P01,531.80,538.60,6.80,4.500,DD,273571.00,2461005.00,896.00,617.00,-63.00,267.00,"Reported Intercepts",6.80,0.00,Match
I0614,C0583,ASH55DD086,P02,301.00,315.00,13.60,7.200,DD,782271.00,2514172.00,936.00,427.00,-62.00,249.00,"Reported Intercepts",14.00,-0.40,Review
I0615,C0584,ASH55DD095,P02,282.00,294.60,12.60,9.000,DD,782466.00,2513713.00,937.00,429.00,-62.00,242.00,"Reported Intercepts",12.60,0.00,Match
I0616,C0585,ASH55DD098,P02,316.00,319.00,3.00,3.200,DD,782486.00,2513612.00,937.00,400.00,-62.00,243.00,"Reported Intercepts",3.00,0.00,Match
I0617,C0586,ASH55DD110,P02,324.00,328.00,4.00,3.500,DD,782999.00,2512593.00,938.00,459.00,-62.00,243.00,"Reported Intercepts",4.00,0.00,Match
I0618,C0587,ASH55DD112,P02,481.00,484.00,3.00,1.300,DD,783076.00,2512637.00,937.00,634.00,-62.00,242.00,"Reported Intercepts",3.00,0.00,Match
I0619,C0587,ASH55DD112,P02,623.00,626.00,3.00,2.900,DD,783076.00,2512637.00,937.00,634.00,-62.00,242.00,"Reported Intercepts",3.00,0.00,Match
I0620,C0588,ASH55DD115,P02,344.00,348.00,4.00,2.500,DD,783072.00,2512403.00,939.00,432.00,-61.00,243.00,"Reported Intercepts",4.00,0.00,Match
I0621,C0589,ASH55DD117,P02,47.00,50.50,3.20,5.700,DD,781871.00,2514667.00,937.00,320.00,-61.00,244.00,"Reported Intercepts",3.50,-0.30,Review
I0622,C0590,ASH55DD119,P02,22.00,26.00,4.00,1.200,DD,781855.00,2514718.00,939.00,319.00,-61.00,244.00,"Reported Intercepts",4.00,0.00,Match
I0623,C0590,ASH55DD119,P02,33.00,40.10,7.10,3.700,DD,781855.00,2514718.00,939.00,319.00,-61.00,244.00,"Reported Intercepts",7.10,0.00,Match
I0624,C0591,ASH55DD107,P02,234.00,237.00,3.00,2.300,DD,782975.00,2512805.00,938.00,535.00,-60.00,242.00,"Reported Intercepts",3.00,0.00,Match
I0625,C0591,ASH55DD107,P02,344.00,347.10,3.10,1.900,DD,782975.00,2512805.00,938.00,535.00,-60.00,242.00,"Reported Intercepts",3.10,0.00,Match
I0626,C0591,ASH55DD107,P02,448.00,451.00,3.00,1.600,DD,782975.00,2512805.00,938.00,535.00,-60.00,242.00,"Reported Intercepts",3.00,0.00,Match
I0627,C0634,MHD024_3098,P07,273.00,275.00,2.00,168.300,DD,2362.00,2520.00,1078.00,292.00,-73.00,186.00,"Reported Intercepts",2.00,0.00,Match
I0628,C0635,MHD024_3090,P07,269.00,271.60,2.60,85.500,DD,2395.00,2560.00,1075.00,324.00,-64.00,183.00,"Reported Intercepts",2.60,0.00,Match
I0629,C0636,MHD024_3102,P07,265.00,268.00,3.00,58.000,DD,2362.00,2520.00,1078.00,345.00,-72.00,175.00,"Reported Intercepts",3.00,0.00,Match
I0630,C0637,MHD024_3084,P07,255.00,257.00,2.00,86.600,DD,2395.00,2560.00,1075.00,300.00,-66.00,164.00,"Reported Intercepts",2.00,0.00,Match
I0631,C0638,MHD024_3096,P07,254.00,256.00,2.00,65.100,DD,2362.00,2521.00,1078.00,273.00,-61.00,160.00,"Reported Intercepts",2.00,0.00,Match
I0632,C0639,MHD024_3100,P07,279.00,282.00,3.00,38.600,DD,2362.00,2521.00,1078.00,312.00,-70.00,195.00,"Reported Intercepts",3.00,0.00,Match
I0633,C0640,MHD024_3077,P07,256.00,258.00,2.00,57.200,DD,2396.00,2559.00,1075.00,300.00,-54.00,163.00,"Reported Intercepts",2.00,0.00,Match
I0634,C0641,MHD024_3075,P07,264.50,268.00,3.60,28.100,DD,2395.00,2559.00,1075.00,300.00,-54.00,173.00,"Reported Intercepts",3.50,0.10,Review
I0635,C0642,U2024_4972,P07,20.00,25.00,5.00,7.000,DD,2577.00,2022.00,803.00,73.00,-76.00,98.00,"Reported Intercepts",5.00,0.00,Match
I0636,C0643,MHD024_3091,P07,253.00,255.00,2.00,10.100,DD,2395.00,2560.00,1075.00,303.00,-61.00,163.00,"Reported Intercepts",2.00,0.00,Match
I0637,C0644,U2024_4902,P07,171.00,173.00,2.00,9.600,DD,2229.00,2667.00,965.00,180.00,32.00,285.00,"Reported Intercepts",2.00,0.00,Match
I0638,C0645,U2024_4912,P07,135.00,137.00,2.00,8.000,DD,2427.00,2101.00,887.00,147.00,-65.00,311.00,"Reported Intercepts",2.00,0.00,Match
I0639,C0646,MHD024_3078,P07,178.00,180.00,2.00,7.800,DD,1980.00,2102.00,1155.00,285.00,-72.00,106.00,"Reported Intercepts",2.00,0.00,Match
I0640,C0647,U2024_4935,P07,35.00,37.00,2.00,6.800,DD,2134.00,2886.00,982.00,128.00,-17.00,104.00,"Reported Intercepts",2.00,0.00,Match
I0641,C0648,MHD024_3081,P07,183.00,185.00,2.00,5.900,DD,1980.00,2102.00,1155.00,269.00,-73.00,128.00,"Reported Intercepts",2.00,0.00,Match
I0642,C0649,U2024_4936,P07,211.00,213.00,2.00,5.200,DD,2134.00,2886.00,983.00,220.00,28.00,245.00,"Reported Intercepts",2.00,0.00,Match
